"1","1","5","2018-11-20 00:00:00","2018-11-20 00:00:00"
"2","1","7","2018-11-20 00:00:00","2018-11-20 00:00:00"
"3","2","5","2018-11-20 00:00:00","2018-11-20 00:00:00"
"4","2","7","2018-11-20 00:00:00","2018-11-20 00:00:00"
"5","3","5","2018-11-20 00:00:00","2018-11-20 00:00:00"
"6","3","7","2018-11-20 00:00:00","2018-11-20 00:00:00"
"7","4","2","2018-11-20 00:00:00","2018-11-20 00:00:00"
"8","5","2","2018-11-20 00:00:00","2018-11-20 00:00:00"
"9","6","2","2018-11-20 00:00:00","2018-11-20 00:00:00"
"10","6","15","2018-11-20 00:00:00","2018-11-20 00:00:00"
"11","7","3","2018-11-20 00:00:00","2018-11-20 00:00:00"
"12","8","3","2018-11-20 00:00:00","2018-11-20 00:00:00"
"13","9","3","2018-11-20 00:00:00","2018-11-20 00:00:00"
"14","10","14","2018-11-20 00:00:00","2018-11-20 00:00:00"
"15","11","14","2018-11-20 00:00:00","2018-11-20 00:00:00"
"16","12","14","2018-11-20 00:00:00","2018-11-20 00:00:00"
"17","12","15","2018-11-20 00:00:00","2018-11-20 00:00:00"
"18","13","7","2018-11-20 00:00:00","2018-11-20 00:00:00"
"19","13","14","2018-11-20 00:00:00","2018-11-20 00:00:00"
"20","14","7","2018-11-20 00:00:00","2018-11-20 00:00:00"
"21","14","14","2018-11-20 00:00:00","2018-11-20 00:00:00"
"22","15","7","2018-11-20 00:00:00","2018-11-20 00:00:00"
"23","15","14","2018-11-20 00:00:00","2018-11-20 00:00:00"
"24","16","1","2018-11-20 00:00:00","2018-11-20 00:00:00"
"25","16","15","2018-11-20 00:00:00","2018-11-20 00:00:00"
"26","17","1","2018-11-20 00:00:00","2018-11-20 00:00:00"
"27","17","15","2018-11-20 00:00:00","2018-11-20 00:00:00"
"28","18","1","2018-11-20 00:00:00","2018-11-20 00:00:00"
"29","18","15","2018-11-20 00:00:00","2018-11-20 00:00:00"
"30","19","1","2018-11-20 00:00:00","2018-11-20 00:00:00"
"31","20","1","2018-11-20 00:00:00","2018-11-20 00:00:00"
"32","21","1","2018-11-20 00:00:00","2018-11-20 00:00:00"
"33","21","15","2018-11-20 00:00:00","2018-11-20 00:00:00"
"34","22","1","2018-11-20 00:00:00","2018-11-20 00:00:00"
"35","22","15","2018-11-20 00:00:00","2018-11-20 00:00:00"
"36","23","7","2018-11-20 00:00:00","2018-11-20 00:00:00"
"37","24","7","2018-11-20 00:00:00","2018-11-20 00:00:00"
"38","25","4","2018-11-20 00:00:00","2018-11-20 00:00:00"
"39","26","4","2018-11-20 00:00:00","2018-11-20 00:00:00"
"40","27","16","2018-11-20 00:00:00","2018-11-20 00:00:00"
"41","28","16","2018-11-20 00:00:00","2018-11-20 00:00:00"
"42","29","7","2018-11-20 00:00:00","2018-11-20 00:00:00"
"43","30","7","2018-11-20 00:00:00","2018-11-20 00:00:00"
"44","31","7","2018-11-20 00:00:00","2018-11-20 00:00:00"
"45","31","16","2018-11-20 00:00:00","2018-11-20 00:00:00"
"46","32","7","2018-11-20 00:00:00","2018-11-20 00:00:00"
"47","33","7","2018-11-20 00:00:00","2018-11-20 00:00:00"
"48","34","7","2018-11-20 00:00:00","2018-11-20 00:00:00"
"49","34","16","2018-11-20 00:00:00","2018-11-20 00:00:00"
"50","35","13","2018-11-20 00:00:00","2018-11-20 00:00:00"
"51","36","13","2018-11-20 00:00:00","2018-11-20 00:00:00"
"52","37","2","2018-11-20 00:00:00","2018-11-20 00:00:00"
"53","38","2","2018-11-20 00:00:00","2018-11-20 00:00:00"
"54","39","1","2018-11-20 00:00:00","2018-11-20 00:00:00"
"55","39","13","2018-11-20 00:00:00","2018-11-20 00:00:00"
"56","40","1","2018-11-20 00:00:00","2018-11-20 00:00:00"
"57","40","13","2018-11-20 00:00:00","2018-11-20 00:00:00"
"58","41","7","2018-11-20 00:00:00","2018-11-20 00:00:00"
"59","41","15","2018-11-20 00:00:00","2018-11-20 00:00:00"
"60","42","7","2018-11-20 00:00:00","2018-11-20 00:00:00"
"61","42","15","2018-11-20 00:00:00","2018-11-20 00:00:00"
"62","43","5","2018-11-20 00:00:00","2018-11-20 00:00:00"
"63","43","7","2018-11-20 00:00:00","2018-11-20 00:00:00"
"64","44","5","2018-11-20 00:00:00","2018-11-20 00:00:00"
"65","44","7","2018-11-20 00:00:00","2018-11-20 00:00:00"
"66","45","5","2018-11-20 00:00:00","2018-11-20 00:00:00"
"67","45","7","2018-11-20 00:00:00","2018-11-20 00:00:00"
"68","46","5","2018-11-20 00:00:00","2018-11-20 00:00:00"
"69","46","14","2018-11-20 00:00:00","2018-11-20 00:00:00"
"70","47","5","2018-11-20 00:00:00","2018-11-20 00:00:00"
"71","47","14","2018-11-20 00:00:00","2018-11-20 00:00:00"
"72","48","7","2018-11-20 00:00:00","2018-11-20 00:00:00"
"73","48","14","2018-11-20 00:00:00","2018-11-20 00:00:00"
"74","49","7","2018-11-20 00:00:00","2018-11-20 00:00:00"
"75","49","14","2018-11-20 00:00:00","2018-11-20 00:00:00"
"76","50","16","2018-11-20 00:00:00","2018-11-20 00:00:00"
"77","51","16","2018-11-20 00:00:00","2018-11-20 00:00:00"
"78","52","1","2018-11-20 00:00:00","2018-11-20 00:00:00"
"79","53","1","2018-11-20 00:00:00","2018-11-20 00:00:00"
"80","54","3","2018-11-20 00:00:00","2018-11-20 00:00:00"
"81","55","3","2018-11-20 00:00:00","2018-11-20 00:00:00"
"82","56","17","2018-11-20 00:00:00","2018-11-20 00:00:00"
"83","57","17","2018-11-20 00:00:00","2018-11-20 00:00:00"
"84","58","2","2018-11-20 00:00:00","2018-11-20 00:00:00"
"85","59","2","2018-11-20 00:00:00","2018-11-20 00:00:00"
"86","60","3","2018-11-20 00:00:00","2018-11-20 00:00:00"
"87","61","3","2018-11-20 00:00:00","2018-11-20 00:00:00"
"88","62","3","2018-11-20 00:00:00","2018-11-20 00:00:00"
"89","62","17","2018-11-20 00:00:00","2018-11-20 00:00:00"
"90","63","9","2018-11-20 00:00:00","2018-11-20 00:00:00"
"91","64","9","2018-11-20 00:00:00","2018-11-20 00:00:00"
"92","65","9","2018-11-20 00:00:00","2018-11-20 00:00:00"
"93","66","17","2018-11-20 00:00:00","2018-11-20 00:00:00"
"94","67","17","2018-11-20 00:00:00","2018-11-20 00:00:00"
"95","68","17","2018-11-20 00:00:00","2018-11-20 00:00:00"
"96","69","5","2018-11-20 00:00:00","2018-11-20 00:00:00"
"97","69","7","2018-11-20 00:00:00","2018-11-20 00:00:00"
"98","70","5","2018-11-20 00:00:00","2018-11-20 00:00:00"
"99","70","7","2018-11-20 00:00:00","2018-11-20 00:00:00"
"100","71","5","2018-11-20 00:00:00","2018-11-20 00:00:00"
"101","71","7","2018-11-20 00:00:00","2018-11-20 00:00:00"
"102","72","3","2018-11-20 00:00:00","2018-11-20 00:00:00"
"103","72","7","2018-11-20 00:00:00","2018-11-20 00:00:00"
"104","73","3","2018-11-20 00:00:00","2018-11-20 00:00:00"
"105","73","7","2018-11-20 00:00:00","2018-11-20 00:00:00"
"106","74","10","2018-11-20 00:00:00","2018-11-20 00:00:00"
"107","74","16","2018-11-20 00:00:00","2018-11-20 00:00:00"
"108","75","10","2018-11-20 00:00:00","2018-11-20 00:00:00"
"109","75","16","2018-11-20 00:00:00","2018-11-20 00:00:00"
"110","76","10","2018-11-20 00:00:00","2018-11-20 00:00:00"
"111","76","16","2018-11-20 00:00:00","2018-11-20 00:00:00"
"112","77","2","2018-11-20 00:00:00","2018-11-20 00:00:00"
"113","78","2","2018-11-20 00:00:00","2018-11-20 00:00:00"
"114","79","3","2018-11-20 00:00:00","2018-11-20 00:00:00"
"115","79","9","2018-11-20 00:00:00","2018-11-20 00:00:00"
"116","80","3","2018-11-20 00:00:00","2018-11-20 00:00:00"
"117","80","9","2018-11-20 00:00:00","2018-11-20 00:00:00"
"118","81","4","2018-11-20 00:00:00","2018-11-20 00:00:00"
"119","81","8","2018-11-20 00:00:00","2018-11-20 00:00:00"
"120","82","4","2018-11-20 00:00:00","2018-11-20 00:00:00"
"121","82","8","2018-11-20 00:00:00","2018-11-20 00:00:00"
"122","83","1","2018-11-20 00:00:00","2018-11-20 00:00:00"
"123","83","15","2018-11-20 00:00:00","2018-11-20 00:00:00"
"124","84","1","2018-11-20 00:00:00","2018-11-20 00:00:00"
"125","84","15","2018-11-20 00:00:00","2018-11-20 00:00:00"
"126","85","1","2018-11-20 00:00:00","2018-11-20 00:00:00"
"127","85","15","2018-11-20 00:00:00","2018-11-20 00:00:00"
"128","86","3","2018-11-20 00:00:00","2018-11-20 00:00:00"
"129","87","3","2018-11-20 00:00:00","2018-11-20 00:00:00"
"130","87","6","2018-11-20 00:00:00","2018-11-20 00:00:00"
"131","88","7","2018-11-20 00:00:00","2018-11-20 00:00:00"
"132","89","7","2018-11-20 00:00:00","2018-11-20 00:00:00"
"133","90","3","2018-11-20 00:00:00","2018-11-20 00:00:00"
"134","91","3","2018-11-20 00:00:00","2018-11-20 00:00:00"
"135","91","6","2018-11-20 00:00:00","2018-11-20 00:00:00"
"136","92","7","2018-11-20 00:00:00","2018-11-20 00:00:00"
"137","92","11","2018-11-20 00:00:00","2018-11-20 00:00:00"
"138","93","7","2018-11-20 00:00:00","2018-11-20 00:00:00"
"139","93","11","2018-11-20 00:00:00","2018-11-20 00:00:00"
"140","94","7","2018-11-20 00:00:00","2018-11-20 00:00:00"
"141","94","11","2018-11-20 00:00:00","2018-11-20 00:00:00"
"142","95","10","2018-11-20 00:00:00","2018-11-20 00:00:00"
"143","95","16","2018-11-20 00:00:00","2018-11-20 00:00:00"
"144","96","9","2018-11-20 00:00:00","2018-11-20 00:00:00"
"145","97","9","2018-11-20 00:00:00","2018-11-20 00:00:00"
"146","98","3","2018-11-20 00:00:00","2018-11-20 00:00:00"
"147","99","3","2018-11-20 00:00:00","2018-11-20 00:00:00"
"148","100","4","2018-11-20 00:00:00","2018-11-20 00:00:00"
"149","101","4","2018-11-20 00:00:00","2018-11-20 00:00:00"
"150","102","5","2018-11-20 00:00:00","2018-11-20 00:00:00"
"151","102","9","2018-11-20 00:00:00","2018-11-20 00:00:00"
"152","103","5","2018-11-20 00:00:00","2018-11-20 00:00:00"
"153","103","9","2018-11-20 00:00:00","2018-11-20 00:00:00"
"154","104","16","2018-11-20 00:00:00","2018-11-20 00:00:00"
"155","105","16","2018-11-20 00:00:00","2018-11-20 00:00:00"
"156","106","17","2018-11-20 00:00:00","2018-11-20 00:00:00"
"157","107","17","2018-11-20 00:00:00","2018-11-20 00:00:00"
"158","108","1","2018-11-20 00:00:00","2018-11-20 00:00:00"
"159","109","7","2018-11-20 00:00:00","2018-11-20 00:00:00"
"160","110","7","2018-11-20 00:00:00","2018-11-20 00:00:00"
"161","111","10","2018-11-20 00:00:00","2018-11-20 00:00:00"
"162","111","16","2018-11-20 00:00:00","2018-11-20 00:00:00"
"163","112","10","2018-11-20 00:00:00","2018-11-20 00:00:00"
"164","112","16","2018-11-20 00:00:00","2018-11-20 00:00:00"
"165","113","1","2018-11-20 00:00:00","2018-11-20 00:00:00"
"166","114","5","2018-11-20 00:00:00","2018-11-20 00:00:00"
"167","115","1","2018-11-20 00:00:00","2018-11-20 00:00:00"
"168","116","3","2018-11-20 00:00:00","2018-11-20 00:00:00"
"169","117","3","2018-11-20 00:00:00","2018-11-20 00:00:00"
"170","118","3","2018-11-20 00:00:00","2018-11-20 00:00:00"
"171","119","3","2018-11-20 00:00:00","2018-11-20 00:00:00"
"172","120","3","2018-11-20 00:00:00","2018-11-20 00:00:00"
"173","121","3","2018-11-20 00:00:00","2018-11-20 00:00:00"
"174","121","9","2018-11-20 00:00:00","2018-11-20 00:00:00"
"175","122","9","2018-11-20 00:00:00","2018-11-20 00:00:00"
"176","122","13","2018-11-20 00:00:00","2018-11-20 00:00:00"
"177","123","14","2018-11-20 00:00:00","2018-11-20 00:00:00"
"178","123","15","2018-11-20 00:00:00","2018-11-20 00:00:00"
"179","124","6","2018-11-20 00:00:00","2018-11-20 00:00:00"
"180","124","9","2018-11-20 00:00:00","2018-11-20 00:00:00"
"181","125","4","2018-11-20 00:00:00","2018-11-20 00:00:00"
"182","126","2","2018-11-20 00:00:00","2018-11-20 00:00:00"
"183","127","14","2018-11-20 00:00:00","2018-11-20 00:00:00"
"184","128","1","2018-11-20 00:00:00","2018-11-20 00:00:00"
"185","129","3","2018-11-20 00:00:00","2018-11-20 00:00:00"
"186","130","3","2018-11-20 00:00:00","2018-11-20 00:00:00"
"187","130","15","2018-11-20 00:00:00","2018-11-20 00:00:00"
"188","131","3","2018-11-20 00:00:00","2018-11-20 00:00:00"
"189","131","6","2018-11-20 00:00:00","2018-11-20 00:00:00"
"190","132","1","2018-11-20 00:00:00","2018-11-20 00:00:00"
"191","133","1","2018-11-20 00:00:00","2018-11-20 00:00:00"
"192","134","3","2018-11-20 00:00:00","2018-11-20 00:00:00"
"193","135","4","2018-11-20 00:00:00","2018-11-20 00:00:00"
"194","136","2","2018-11-20 00:00:00","2018-11-20 00:00:00"
"195","137","1","2018-11-20 00:00:00","2018-11-20 00:00:00"
"196","138","3","2018-11-20 00:00:00","2018-11-20 00:00:00"
"197","138","10","2018-11-20 00:00:00","2018-11-20 00:00:00"
"198","139","3","2018-11-20 00:00:00","2018-11-20 00:00:00"
"199","139","10","2018-11-20 00:00:00","2018-11-20 00:00:00"
"200","140","3","2018-11-20 00:00:00","2018-11-20 00:00:00"
"201","140","10","2018-11-20 00:00:00","2018-11-20 00:00:00"
"202","141","3","2018-11-20 00:00:00","2018-11-20 00:00:00"
"203","141","10","2018-11-20 00:00:00","2018-11-20 00:00:00"
"204","142","10","2018-11-20 00:00:00","2018-11-20 00:00:00"
"205","142","15","2018-11-20 00:00:00","2018-11-20 00:00:00"
"206","143","1","2018-11-20 00:00:00","2018-11-20 00:00:00"
"207","144","6","2018-11-20 00:00:00","2018-11-20 00:00:00"
"208","144","15","2018-11-20 00:00:00","2018-11-20 00:00:00"
"209","145","4","2018-11-20 00:00:00","2018-11-20 00:00:00"
"210","145","15","2018-11-20 00:00:00","2018-11-20 00:00:00"
"211","146","2","2018-11-20 00:00:00","2018-11-20 00:00:00"
"212","146","15","2018-11-20 00:00:00","2018-11-20 00:00:00"
"213","147","18","2018-11-20 00:00:00","2018-11-20 00:00:00"
"214","148","18","2018-11-20 00:00:00","2018-11-20 00:00:00"
"215","149","15","2018-11-20 00:00:00","2018-11-20 00:00:00"
"216","149","18","2018-11-20 00:00:00","2018-11-20 00:00:00"
"217","150","9","2018-11-20 00:00:00","2018-11-20 00:00:00"
"218","151","9","2018-11-20 00:00:00","2018-11-20 00:00:00"
"219","152","5","2018-11-20 00:00:00","2018-11-20 00:00:00"
"220","153","5","2018-11-20 00:00:00","2018-11-20 00:00:00"
"221","154","5","2018-11-20 00:00:00","2018-11-20 00:00:00"
"222","155","2","2018-11-20 00:00:00","2018-11-20 00:00:00"
"223","156","2","2018-11-20 00:00:00","2018-11-20 00:00:00"
"224","157","2","2018-11-20 00:00:00","2018-11-20 00:00:00"
"225","158","3","2018-11-20 00:00:00","2018-11-20 00:00:00"
"226","159","3","2018-11-20 00:00:00","2018-11-20 00:00:00"
"227","160","3","2018-11-20 00:00:00","2018-11-20 00:00:00"
"228","161","1","2018-11-20 00:00:00","2018-11-20 00:00:00"
"229","162","1","2018-11-20 00:00:00","2018-11-20 00:00:00"
"230","163","1","2018-11-20 00:00:00","2018-11-20 00:00:00"
"231","163","15","2018-11-20 00:00:00","2018-11-20 00:00:00"
"232","164","1","2018-11-20 00:00:00","2018-11-20 00:00:00"
"233","164","15","2018-11-20 00:00:00","2018-11-20 00:00:00"
"234","165","14","2018-11-20 00:00:00","2018-11-20 00:00:00"
"235","165","15","2018-11-20 00:00:00","2018-11-20 00:00:00"
"236","166","14","2018-11-20 00:00:00","2018-11-20 00:00:00"
"237","166","15","2018-11-20 00:00:00","2018-11-20 00:00:00"
"238","167","7","2018-11-20 00:00:00","2018-11-20 00:00:00"
"239","167","14","2018-11-20 00:00:00","2018-11-20 00:00:00"
"240","168","7","2018-11-20 00:00:00","2018-11-20 00:00:00"
"241","168","14","2018-11-20 00:00:00","2018-11-20 00:00:00"
"242","169","7","2018-11-20 00:00:00","2018-11-20 00:00:00"
"243","169","15","2018-11-20 00:00:00","2018-11-20 00:00:00"
"244","170","3","2018-11-20 00:00:00","2018-11-20 00:00:00"
"245","170","4","2018-11-20 00:00:00","2018-11-20 00:00:00"
"246","171","3","2018-11-20 00:00:00","2018-11-20 00:00:00"
"247","171","4","2018-11-20 00:00:00","2018-11-20 00:00:00"
"248","172","4","2018-11-20 00:00:00","2018-11-20 00:00:00"
"249","173","13","2018-11-20 00:00:00","2018-11-20 00:00:00"
"250","174","1","2018-11-20 00:00:00","2018-11-20 00:00:00"
"251","174","13","2018-11-20 00:00:00","2018-11-20 00:00:00"
"252","175","13","2018-11-20 00:00:00","2018-11-20 00:00:00"
"253","176","13","2018-11-20 00:00:00","2018-11-20 00:00:00"
"254","176","15","2018-11-20 00:00:00","2018-11-20 00:00:00"
"255","177","9","2018-11-20 00:00:00","2018-11-20 00:00:00"
"256","177","15","2018-11-20 00:00:00","2018-11-20 00:00:00"
"257","178","9","2018-11-20 00:00:00","2018-11-20 00:00:00"
"258","178","15","2018-11-20 00:00:00","2018-11-20 00:00:00"
"259","179","4","2018-11-20 00:00:00","2018-11-20 00:00:00"
"260","180","4","2018-11-20 00:00:00","2018-11-20 00:00:00"
"261","181","4","2018-11-20 00:00:00","2018-11-20 00:00:00"
"262","182","5","2018-11-20 00:00:00","2018-11-20 00:00:00"
"263","183","3","2018-11-20 00:00:00","2018-11-20 00:00:00"
"264","183","13","2018-11-20 00:00:00","2018-11-20 00:00:00"
"265","184","3","2018-11-20 00:00:00","2018-11-20 00:00:00"
"266","184","13","2018-11-20 00:00:00","2018-11-20 00:00:00"
"267","185","10","2018-11-20 00:00:00","2018-11-20 00:00:00"
"268","186","3","2018-11-20 00:00:00","2018-11-20 00:00:00"
"269","187","5","2018-11-20 00:00:00","2018-11-20 00:00:00"
"270","187","15","2018-11-20 00:00:00","2018-11-20 00:00:00"
"271","188","5","2018-11-20 00:00:00","2018-11-20 00:00:00"
"272","188","15","2018-11-20 00:00:00","2018-11-20 00:00:00"
"273","189","5","2018-11-20 00:00:00","2018-11-20 00:00:00"
"274","189","15","2018-11-20 00:00:00","2018-11-20 00:00:00"
"275","190","1","2018-11-20 00:00:00","2018-11-20 00:00:00"
"276","191","5","2018-11-20 00:00:00","2018-11-20 00:00:00"
"277","192","5","2018-11-20 00:00:00","2018-11-20 00:00:00"
"278","193","14","2018-11-20 00:00:00","2018-11-20 00:00:00"
"279","193","15","2018-11-20 00:00:00","2018-11-20 00:00:00"
"280","194","3","2018-11-20 00:00:00","2018-11-20 00:00:00"
"281","194","16","2018-11-20 00:00:00","2018-11-20 00:00:00"
"282","195","3","2018-11-20 00:00:00","2018-11-20 00:00:00"
"283","195","16","2018-11-20 00:00:00","2018-11-20 00:00:00"
"284","196","9","2018-11-20 00:00:00","2018-11-20 00:00:00"
"285","197","12","2018-11-20 00:00:00","2018-11-20 00:00:00"
"286","198","12","2018-11-20 00:00:00","2018-11-20 00:00:00"
"287","198","15","2018-11-20 00:00:00","2018-11-20 00:00:00"
"288","199","3","2018-11-20 00:00:00","2018-11-20 00:00:00"
"289","199","9","2018-11-20 00:00:00","2018-11-20 00:00:00"
"290","200","11","2018-11-20 00:00:00","2018-11-20 00:00:00"
"291","201","9","2018-11-20 00:00:00","2018-11-20 00:00:00"
"292","202","9","2018-11-20 00:00:00","2018-11-20 00:00:00"
"293","203","1","2018-11-20 00:00:00","2018-11-20 00:00:00"
"294","203","9","2018-11-20 00:00:00","2018-11-20 00:00:00"
"295","204","14","2018-11-20 00:00:00","2018-11-20 00:00:00"
"296","205","8","2018-11-20 00:00:00","2018-11-20 00:00:00"
"297","205","14","2018-11-20 00:00:00","2018-11-20 00:00:00"
"298","206","1","2018-11-20 00:00:00","2018-11-20 00:00:00"
"299","207","15","2018-11-20 00:00:00","2018-11-20 00:00:00"
"300","207","16","2018-11-20 00:00:00","2018-11-20 00:00:00"
"301","208","8","2018-11-20 00:00:00","2018-11-20 00:00:00"
"302","208","16","2018-11-20 00:00:00","2018-11-20 00:00:00"
"303","209","13","2018-11-20 00:00:00","2018-11-20 00:00:00"
"304","210","13","2018-11-20 00:00:00","2018-11-20 00:00:00"
"305","211","3","2018-11-20 00:00:00","2018-11-20 00:00:00"
"306","211","7","2018-11-20 00:00:00","2018-11-20 00:00:00"
"307","212","8","2018-11-20 00:00:00","2018-11-20 00:00:00"
"308","212","14","2018-11-20 00:00:00","2018-11-20 00:00:00"
"309","213","10","2018-11-20 00:00:00","2018-11-20 00:00:00"
"310","213","14","2018-11-20 00:00:00","2018-11-20 00:00:00"
"311","214","14","2018-11-20 00:00:00","2018-11-20 00:00:00"
"312","214","17","2018-11-20 00:00:00","2018-11-20 00:00:00"
"313","215","6","2018-11-20 00:00:00","2018-11-20 00:00:00"
"314","215","12","2018-11-20 00:00:00","2018-11-20 00:00:00"
"315","216","1","2018-11-20 00:00:00","2018-11-20 00:00:00"
"316","217","1","2018-11-20 00:00:00","2018-11-20 00:00:00"
"317","218","2","2018-11-20 00:00:00","2018-11-20 00:00:00"
"318","219","2","2018-11-20 00:00:00","2018-11-20 00:00:00"
"319","219","10","2018-11-20 00:00:00","2018-11-20 00:00:00"
"320","220","6","2018-11-20 00:00:00","2018-11-20 00:00:00"
"321","220","16","2018-11-20 00:00:00","2018-11-20 00:00:00"
"322","221","6","2018-11-20 00:00:00","2018-11-20 00:00:00"
"323","221","16","2018-11-20 00:00:00","2018-11-20 00:00:00"
"324","222","3","2018-11-20 00:00:00","2018-11-20 00:00:00"
"325","222","10","2018-11-20 00:00:00","2018-11-20 00:00:00"
"326","223","3","2018-11-20 00:00:00","2018-11-20 00:00:00"
"327","224","3","2018-11-20 00:00:00","2018-11-20 00:00:00"
"328","225","6","2018-11-20 00:00:00","2018-11-20 00:00:00"
"329","225","15","2018-11-20 00:00:00","2018-11-20 00:00:00"
"330","226","3","2018-11-20 00:00:00","2018-11-20 00:00:00"
"331","226","15","2018-11-20 00:00:00","2018-11-20 00:00:00"
"332","227","8","2018-11-20 00:00:00","2018-11-20 00:00:00"
"333","227","15","2018-11-20 00:00:00","2018-11-20 00:00:00"
"334","228","2","2018-11-20 00:00:00","2018-11-20 00:00:00"
"335","228","12","2018-11-20 00:00:00","2018-11-20 00:00:00"
"336","229","2","2018-11-20 00:00:00","2018-11-20 00:00:00"
"337","229","12","2018-11-20 00:00:00","2018-11-20 00:00:00"
"338","230","3","2018-11-20 00:00:00","2018-11-20 00:00:00"
"339","230","18","2018-11-20 00:00:00","2018-11-20 00:00:00"
"340","231","16","2018-11-20 00:00:00","2018-11-20 00:00:00"
"341","232","16","2018-11-20 00:00:00","2018-11-20 00:00:00"
"342","233","1","2018-11-20 00:00:00","2018-11-20 00:00:00"
"343","234","1","2018-11-20 00:00:00","2018-11-20 00:00:00"
"344","235","1","2018-11-20 00:00:00","2018-11-20 00:00:00"
"345","236","17","2018-11-20 00:00:00","2018-11-20 00:00:00"
"346","237","17","2018-11-20 00:00:00","2018-11-20 00:00:00"
"347","238","6","2018-11-20 00:00:00","2018-11-20 00:00:00"
"348","238","9","2018-11-20 00:00:00","2018-11-20 00:00:00"
"349","239","4","2018-11-20 00:00:00","2018-11-20 00:00:00"
"350","240","2","2018-11-20 00:00:00","2018-11-20 00:00:00"
"351","241","1","2018-11-20 00:00:00","2018-11-20 00:00:00"
"352","242","1","2018-11-20 00:00:00","2018-11-20 00:00:00"
"353","243","4","2018-11-20 00:00:00","2018-11-20 00:00:00"
"354","244","2","2018-11-20 00:00:00","2018-11-20 00:00:00"
"355","245","3","2018-11-20 00:00:00","2018-11-20 00:00:00"
"356","246","10","2018-11-20 00:00:00","2018-11-20 00:00:00"
"357","246","16","2018-11-20 00:00:00","2018-11-20 00:00:00"
"358","247","10","2018-11-20 00:00:00","2018-11-20 00:00:00"
"359","247","16","2018-11-20 00:00:00","2018-11-20 00:00:00"
"360","248","10","2018-11-20 00:00:00","2018-11-20 00:00:00"
"361","248","12","2018-11-20 00:00:00","2018-11-20 00:00:00"
"362","249","9","2018-11-20 00:00:00","2018-11-20 00:00:00"
"363","249","15","2018-11-20 00:00:00","2018-11-20 00:00:00"
"364","250","2","2018-11-20 00:00:00","2018-11-20 00:00:00"
"365","250","15","2018-11-20 00:00:00","2018-11-20 00:00:00"
"366","251","5","2018-11-20 00:00:00","2018-11-20 00:00:00"
"367","251","9","2018-11-20 00:00:00","2018-11-20 00:00:00"
"368","252","5","2018-11-20 00:00:00","2018-11-20 00:00:00"
"369","253","5","2018-11-20 00:00:00","2018-11-20 00:00:00"
"370","254","5","2018-11-20 00:00:00","2018-11-20 00:00:00"
"371","255","2","2018-11-20 00:00:00","2018-11-20 00:00:00"
"372","256","2","2018-11-20 00:00:00","2018-11-20 00:00:00"
"373","256","17","2018-11-20 00:00:00","2018-11-20 00:00:00"
"374","257","2","2018-11-20 00:00:00","2018-11-20 00:00:00"
"375","257","17","2018-11-20 00:00:00","2018-11-20 00:00:00"
"376","258","3","2018-11-20 00:00:00","2018-11-20 00:00:00"
"377","259","3","2018-11-20 00:00:00","2018-11-20 00:00:00"
"378","259","16","2018-11-20 00:00:00","2018-11-20 00:00:00"
"379","260","3","2018-11-20 00:00:00","2018-11-20 00:00:00"
"380","260","16","2018-11-20 00:00:00","2018-11-20 00:00:00"
"381","261","12","2018-11-20 00:00:00","2018-11-20 00:00:00"
"382","262","12","2018-11-20 00:00:00","2018-11-20 00:00:00"
"383","263","1","2018-11-20 00:00:00","2018-11-20 00:00:00"
"384","264","1","2018-11-20 00:00:00","2018-11-20 00:00:00"
"385","265","14","2018-11-20 00:00:00","2018-11-20 00:00:00"
"386","266","14","2018-11-20 00:00:00","2018-11-20 00:00:00"
"387","267","14","2018-11-20 00:00:00","2018-11-20 00:00:00"
"388","267","15","2018-11-20 00:00:00","2018-11-20 00:00:00"
"389","268","14","2018-11-20 00:00:00","2018-11-20 00:00:00"
"390","269","7","2018-11-20 00:00:00","2018-11-20 00:00:00"
"391","269","14","2018-11-20 00:00:00","2018-11-20 00:00:00"
"392","270","3","2018-11-20 00:00:00","2018-11-20 00:00:00"
"393","270","5","2018-11-20 00:00:00","2018-11-20 00:00:00"
"394","271","3","2018-11-20 00:00:00","2018-11-20 00:00:00"
"395","271","5","2018-11-20 00:00:00","2018-11-20 00:00:00"
"396","272","3","2018-11-20 00:00:00","2018-11-20 00:00:00"
"397","272","5","2018-11-20 00:00:00","2018-11-20 00:00:00"
"398","273","5","2018-11-20 00:00:00","2018-11-20 00:00:00"
"399","274","5","2018-11-20 00:00:00","2018-11-20 00:00:00"
"400","274","12","2018-11-20 00:00:00","2018-11-20 00:00:00"
"401","275","5","2018-11-20 00:00:00","2018-11-20 00:00:00"
"402","275","12","2018-11-20 00:00:00","2018-11-20 00:00:00"
"403","276","1","2018-11-20 00:00:00","2018-11-20 00:00:00"
"404","276","15","2018-11-20 00:00:00","2018-11-20 00:00:00"
"405","277","1","2018-11-20 00:00:00","2018-11-20 00:00:00"
"406","277","15","2018-11-20 00:00:00","2018-11-20 00:00:00"
"407","278","3","2018-11-20 00:00:00","2018-11-20 00:00:00"
"408","278","15","2018-11-20 00:00:00","2018-11-20 00:00:00"
"409","279","3","2018-11-20 00:00:00","2018-11-20 00:00:00"
"410","279","15","2018-11-20 00:00:00","2018-11-20 00:00:00"
"411","280","9","2018-11-20 00:00:00","2018-11-20 00:00:00"
"412","280","13","2018-11-20 00:00:00","2018-11-20 00:00:00"
"413","281","9","2018-11-20 00:00:00","2018-11-20 00:00:00"
"414","281","13","2018-11-20 00:00:00","2018-11-20 00:00:00"
"415","282","9","2018-11-20 00:00:00","2018-11-20 00:00:00"
"416","282","13","2018-11-20 00:00:00","2018-11-20 00:00:00"
"417","283","3","2018-11-20 00:00:00","2018-11-20 00:00:00"
"418","283","14","2018-11-20 00:00:00","2018-11-20 00:00:00"
"419","284","14","2018-11-20 00:00:00","2018-11-20 00:00:00"
"420","284","15","2018-11-20 00:00:00","2018-11-20 00:00:00"
"421","285","5","2018-11-20 00:00:00","2018-11-20 00:00:00"
"422","286","5","2018-11-20 00:00:00","2018-11-20 00:00:00"
"423","286","17","2018-11-20 00:00:00","2018-11-20 00:00:00"
"424","287","1","2018-11-20 00:00:00","2018-11-20 00:00:00"
"425","288","1","2018-11-20 00:00:00","2018-11-20 00:00:00"
"426","289","1","2018-11-20 00:00:00","2018-11-20 00:00:00"
"427","290","14","2018-11-20 00:00:00","2018-11-20 00:00:00"
"428","290","16","2018-11-20 00:00:00","2018-11-20 00:00:00"
"429","291","14","2018-11-20 00:00:00","2018-11-20 00:00:00"
"430","291","15","2018-11-20 00:00:00","2018-11-20 00:00:00"
"431","292","11","2018-11-20 00:00:00","2018-11-20 00:00:00"
"432","292","14","2018-11-20 00:00:00","2018-11-20 00:00:00"
"433","293","1","2018-11-20 00:00:00","2018-11-20 00:00:00"
"434","294","1","2018-11-20 00:00:00","2018-11-20 00:00:00"
"435","295","1","2018-11-20 00:00:00","2018-11-20 00:00:00"
"436","296","17","2018-11-20 00:00:00","2018-11-20 00:00:00"
"437","297","17","2018-11-20 00:00:00","2018-11-20 00:00:00"
"438","298","1","2018-11-20 00:00:00","2018-11-20 00:00:00"
"439","298","13","2018-11-20 00:00:00","2018-11-20 00:00:00"
"440","299","10","2018-11-20 00:00:00","2018-11-20 00:00:00"
"441","300","1","2018-11-20 00:00:00","2018-11-20 00:00:00"
"442","301","1","2018-11-20 00:00:00","2018-11-20 00:00:00"
"443","302","11","2018-11-20 00:00:00","2018-11-20 00:00:00"
"444","302","12","2018-11-20 00:00:00","2018-11-20 00:00:00"
"445","303","8","2018-11-20 00:00:00","2018-11-20 00:00:00"
"446","303","13","2018-11-20 00:00:00","2018-11-20 00:00:00"
"447","304","8","2018-11-20 00:00:00","2018-11-20 00:00:00"
"448","304","10","2018-11-20 00:00:00","2018-11-20 00:00:00"
"449","305","8","2018-11-20 00:00:00","2018-11-20 00:00:00"
"450","305","10","2018-11-20 00:00:00","2018-11-20 00:00:00"
"451","306","8","2018-11-20 00:00:00","2018-11-20 00:00:00"
"452","306","10","2018-11-20 00:00:00","2018-11-20 00:00:00"
"453","307","9","2018-11-20 00:00:00","2018-11-20 00:00:00"
"454","307","17","2018-11-20 00:00:00","2018-11-20 00:00:00"
"455","308","9","2018-11-20 00:00:00","2018-11-20 00:00:00"
"456","308","17","2018-11-20 00:00:00","2018-11-20 00:00:00"
"457","309","4","2018-11-20 00:00:00","2018-11-20 00:00:00"
"458","310","4","2018-11-20 00:00:00","2018-11-20 00:00:00"
"459","311","4","2018-11-20 00:00:00","2018-11-20 00:00:00"
"460","312","4","2018-11-20 00:00:00","2018-11-20 00:00:00"
"461","313","14","2018-11-20 00:00:00","2018-11-20 00:00:00"
"462","314","14","2018-11-20 00:00:00","2018-11-20 00:00:00"
"463","315","5","2018-11-20 00:00:00","2018-11-20 00:00:00"
"464","315","7","2018-11-20 00:00:00","2018-11-20 00:00:00"
"465","316","7","2018-11-20 00:00:00","2018-11-20 00:00:00"
"466","317","7","2018-11-20 00:00:00","2018-11-20 00:00:00"
"467","318","3","2018-11-20 00:00:00","2018-11-20 00:00:00"
"468","318","12","2018-11-20 00:00:00","2018-11-20 00:00:00"
"469","319","3","2018-11-20 00:00:00","2018-11-20 00:00:00"
"470","319","12","2018-11-20 00:00:00","2018-11-20 00:00:00"
"471","320","3","2018-11-20 00:00:00","2018-11-20 00:00:00"
"472","321","3","2018-11-20 00:00:00","2018-11-20 00:00:00"
"473","322","2","2018-11-20 00:00:00","2018-11-20 00:00:00"
"474","322","16","2018-11-20 00:00:00","2018-11-20 00:00:00"
"475","323","2","2018-11-20 00:00:00","2018-11-20 00:00:00"
"476","323","16","2018-11-20 00:00:00","2018-11-20 00:00:00"
"477","324","2","2018-11-20 00:00:00","2018-11-20 00:00:00"
"478","325","9","2018-11-20 00:00:00","2018-11-20 00:00:00"
"479","326","9","2018-11-20 00:00:00","2018-11-20 00:00:00"
"480","327","1","2018-11-20 00:00:00","2018-11-20 00:00:00"
"481","328","16","2018-11-20 00:00:00","2018-11-20 00:00:00"
"482","329","16","2018-11-20 00:00:00","2018-11-20 00:00:00"
"483","329","18","2018-11-20 00:00:00","2018-11-20 00:00:00"
"484","330","16","2018-11-20 00:00:00","2018-11-20 00:00:00"
"485","330","18","2018-11-20 00:00:00","2018-11-20 00:00:00"
"486","331","5","2018-11-20 00:00:00","2018-11-20 00:00:00"
"487","332","5","2018-11-20 00:00:00","2018-11-20 00:00:00"
"488","332","12","2018-11-20 00:00:00","2018-11-20 00:00:00"
"489","333","1","2018-11-20 00:00:00","2018-11-20 00:00:00"
"490","333","15","2018-11-20 00:00:00","2018-11-20 00:00:00"
"491","334","15","2018-11-20 00:00:00","2018-11-20 00:00:00"
"492","334","18","2018-11-20 00:00:00","2018-11-20 00:00:00"
"493","335","1","2018-11-20 00:00:00","2018-11-20 00:00:00"
"494","336","7","2018-11-20 00:00:00","2018-11-20 00:00:00"
"495","337","9","2018-11-20 00:00:00","2018-11-20 00:00:00"
"496","337","10","2018-11-20 00:00:00","2018-11-20 00:00:00"
"497","338","9","2018-11-20 00:00:00","2018-11-20 00:00:00"
"498","338","10","2018-11-20 00:00:00","2018-11-20 00:00:00"
"499","339","3","2018-11-20 00:00:00","2018-11-20 00:00:00"
"500","339","16","2018-11-20 00:00:00","2018-11-20 00:00:00"
"501","340","3","2018-11-20 00:00:00","2018-11-20 00:00:00"
"502","340","16","2018-11-20 00:00:00","2018-11-20 00:00:00"
"503","341","3","2018-11-20 00:00:00","2018-11-20 00:00:00"
"504","342","3","2018-11-20 00:00:00","2018-11-20 00:00:00"
"505","342","12","2018-11-20 00:00:00","2018-11-20 00:00:00"
"506","343","9","2018-11-20 00:00:00","2018-11-20 00:00:00"
"507","343","16","2018-11-20 00:00:00","2018-11-20 00:00:00"
"508","344","9","2018-11-20 00:00:00","2018-11-20 00:00:00"
"509","344","16","2018-11-20 00:00:00","2018-11-20 00:00:00"
"510","345","5","2018-11-20 00:00:00","2018-11-20 00:00:00"
"511","345","10","2018-11-20 00:00:00","2018-11-20 00:00:00"
"512","346","5","2018-11-20 00:00:00","2018-11-20 00:00:00"
"513","346","10","2018-11-20 00:00:00","2018-11-20 00:00:00"
"514","347","10","2018-11-20 00:00:00","2018-11-20 00:00:00"
"515","347","14","2018-11-20 00:00:00","2018-11-20 00:00:00"
"516","348","10","2018-11-20 00:00:00","2018-11-20 00:00:00"
"517","348","14","2018-11-20 00:00:00","2018-11-20 00:00:00"
"518","349","3","2018-11-20 00:00:00","2018-11-20 00:00:00"
"519","350","3","2018-11-20 00:00:00","2018-11-20 00:00:00"
"520","351","1","2018-11-20 00:00:00","2018-11-20 00:00:00"
"521","352","1","2018-11-20 00:00:00","2018-11-20 00:00:00"
"522","353","11","2018-11-20 00:00:00","2018-11-20 00:00:00"
"523","354","11","2018-11-20 00:00:00","2018-11-20 00:00:00"
"524","355","11","2018-11-20 00:00:00","2018-11-20 00:00:00"
"525","356","11","2018-11-20 00:00:00","2018-11-20 00:00:00"
"526","357","5","2018-11-20 00:00:00","2018-11-20 00:00:00"
"527","357","15","2018-11-20 00:00:00","2018-11-20 00:00:00"
"528","358","9","2018-11-20 00:00:00","2018-11-20 00:00:00"
"529","359","12","2018-11-20 00:00:00","2018-11-20 00:00:00"
"530","360","9","2018-11-20 00:00:00","2018-11-20 00:00:00"
"531","361","6","2018-11-20 00:00:00","2018-11-20 00:00:00"
"532","362","6","2018-11-20 00:00:00","2018-11-20 00:00:00"
"533","363","3","2018-11-20 00:00:00","2018-11-20 00:00:00"
"534","363","6","2018-11-20 00:00:00","2018-11-20 00:00:00"
"535","364","3","2018-11-20 00:00:00","2018-11-20 00:00:00"
"536","364","6","2018-11-20 00:00:00","2018-11-20 00:00:00"
"537","365","3","2018-11-20 00:00:00","2018-11-20 00:00:00"
"538","365","6","2018-11-20 00:00:00","2018-11-20 00:00:00"
"539","366","3","2018-11-20 00:00:00","2018-11-20 00:00:00"
"540","367","3","2018-11-20 00:00:00","2018-11-20 00:00:00"
"541","368","3","2018-11-20 00:00:00","2018-11-20 00:00:00"
"542","369","3","2018-11-20 00:00:00","2018-11-20 00:00:00"
"543","369","10","2018-11-20 00:00:00","2018-11-20 00:00:00"
"544","370","3","2018-11-20 00:00:00","2018-11-20 00:00:00"
"545","371","18","2018-11-20 00:00:00","2018-11-20 00:00:00"
"546","372","18","2018-11-20 00:00:00","2018-11-20 00:00:00"
"547","373","15","2018-11-20 00:00:00","2018-11-20 00:00:00"
"548","373","18","2018-11-20 00:00:00","2018-11-20 00:00:00"
"549","374","8","2018-11-20 00:00:00","2018-11-20 00:00:00"
"550","374","9","2018-11-20 00:00:00","2018-11-20 00:00:00"
"551","375","8","2018-11-20 00:00:00","2018-11-20 00:00:00"
"552","375","9","2018-11-20 00:00:00","2018-11-20 00:00:00"
"553","376","8","2018-11-20 00:00:00","2018-11-20 00:00:00"
"554","376","9","2018-11-20 00:00:00","2018-11-20 00:00:00"
"555","377","10","2018-11-20 00:00:00","2018-11-20 00:00:00"
"556","378","6","2018-11-20 00:00:00","2018-11-20 00:00:00"
"557","379","8","2018-11-20 00:00:00","2018-11-20 00:00:00"
"558","380","9","2018-11-20 00:00:00","2018-11-20 00:00:00"
"559","380","18","2018-11-20 00:00:00","2018-11-20 00:00:00"
"560","381","9","2018-11-20 00:00:00","2018-11-20 00:00:00"
"561","381","18","2018-11-20 00:00:00","2018-11-20 00:00:00"
"562","382","3","2018-11-20 00:00:00","2018-11-20 00:00:00"
"563","383","16","2018-11-20 00:00:00","2018-11-20 00:00:00"
"564","384","15","2018-11-20 00:00:00","2018-11-20 00:00:00"
"565","384","18","2018-11-20 00:00:00","2018-11-20 00:00:00"
"566","385","8","2018-11-20 00:00:00","2018-11-20 00:00:00"
"567","385","9","2018-11-20 00:00:00","2018-11-20 00:00:00"
"568","386","9","2018-11-20 00:00:00","2018-11-20 00:00:00"
"569","387","5","2018-11-20 00:00:00","2018-11-20 00:00:00"
"570","388","5","2018-11-20 00:00:00","2018-11-20 00:00:00"
"571","389","5","2018-11-20 00:00:00","2018-11-20 00:00:00"
"572","389","16","2018-11-20 00:00:00","2018-11-20 00:00:00"
"573","390","2","2018-11-20 00:00:00","2018-11-20 00:00:00"
"574","391","2","2018-11-20 00:00:00","2018-11-20 00:00:00"
"575","391","17","2018-11-20 00:00:00","2018-11-20 00:00:00"
"576","392","2","2018-11-20 00:00:00","2018-11-20 00:00:00"
"577","392","17","2018-11-20 00:00:00","2018-11-20 00:00:00"
"578","393","3","2018-11-20 00:00:00","2018-11-20 00:00:00"
"579","394","3","2018-11-20 00:00:00","2018-11-20 00:00:00"
"580","395","3","2018-11-20 00:00:00","2018-11-20 00:00:00"
"581","395","8","2018-11-20 00:00:00","2018-11-20 00:00:00"
"582","396","1","2018-11-20 00:00:00","2018-11-20 00:00:00"
"583","396","15","2018-11-20 00:00:00","2018-11-20 00:00:00"
"584","397","1","2018-11-20 00:00:00","2018-11-20 00:00:00"
"585","397","15","2018-11-20 00:00:00","2018-11-20 00:00:00"
"586","398","1","2018-11-20 00:00:00","2018-11-20 00:00:00"
"587","398","15","2018-11-20 00:00:00","2018-11-20 00:00:00"
"588","399","1","2018-11-20 00:00:00","2018-11-20 00:00:00"
"589","400","1","2018-11-20 00:00:00","2018-11-20 00:00:00"
"590","400","3","2018-11-20 00:00:00","2018-11-20 00:00:00"
"591","401","14","2018-11-20 00:00:00","2018-11-20 00:00:00"
"592","402","14","2018-11-20 00:00:00","2018-11-20 00:00:00"
"593","403","4","2018-11-20 00:00:00","2018-11-20 00:00:00"
"594","404","4","2018-11-20 00:00:00","2018-11-20 00:00:00"
"595","405","4","2018-11-20 00:00:00","2018-11-20 00:00:00"
"596","406","5","2018-11-20 00:00:00","2018-11-20 00:00:00"
"597","406","7","2018-11-20 00:00:00","2018-11-20 00:00:00"
"598","407","5","2018-11-20 00:00:00","2018-11-20 00:00:00"
"599","407","7","2018-11-20 00:00:00","2018-11-20 00:00:00"
"600","408","10","2018-11-20 00:00:00","2018-11-20 00:00:00"
"601","409","10","2018-11-20 00:00:00","2018-11-20 00:00:00"
"602","410","8","2018-11-20 00:00:00","2018-11-20 00:00:00"
"603","410","10","2018-11-20 00:00:00","2018-11-20 00:00:00"
"604","411","8","2018-11-20 00:00:00","2018-11-20 00:00:00"
"605","411","10","2018-11-20 00:00:00","2018-11-20 00:00:00"
"606","412","14","2018-11-20 00:00:00","2018-11-20 00:00:00"
"607","413","5","2018-11-20 00:00:00","2018-11-20 00:00:00"
"608","413","14","2018-11-20 00:00:00","2018-11-20 00:00:00"
"609","414","14","2018-11-20 00:00:00","2018-11-20 00:00:00"
"610","414","15","2018-11-20 00:00:00","2018-11-20 00:00:00"
"611","415","14","2018-11-20 00:00:00","2018-11-20 00:00:00"
"612","415","15","2018-11-20 00:00:00","2018-11-20 00:00:00"
"613","416","14","2018-11-20 00:00:00","2018-11-20 00:00:00"
"614","416","15","2018-11-20 00:00:00","2018-11-20 00:00:00"
"615","417","4","2018-11-20 00:00:00","2018-11-20 00:00:00"
"616","418","3","2018-11-20 00:00:00","2018-11-20 00:00:00"
"617","419","3","2018-11-20 00:00:00","2018-11-20 00:00:00"
"618","420","5","2018-11-20 00:00:00","2018-11-20 00:00:00"
"619","421","5","2018-11-20 00:00:00","2018-11-20 00:00:00"
"620","422","3","2018-11-20 00:00:00","2018-11-20 00:00:00"
"621","423","3","2018-11-20 00:00:00","2018-11-20 00:00:00"
"622","423","16","2018-11-20 00:00:00","2018-11-20 00:00:00"
"623","424","1","2018-11-20 00:00:00","2018-11-20 00:00:00"
"624","425","11","2018-11-20 00:00:00","2018-11-20 00:00:00"
"625","425","15","2018-11-20 00:00:00","2018-11-20 00:00:00"
"626","426","11","2018-11-20 00:00:00","2018-11-20 00:00:00"
"627","426","15","2018-11-20 00:00:00","2018-11-20 00:00:00"
"628","427","1","2018-11-20 00:00:00","2018-11-20 00:00:00"
"629","428","1","2018-11-20 00:00:00","2018-11-20 00:00:00"
"630","429","11","2018-11-20 00:00:00","2018-11-20 00:00:00"
"631","430","12","2018-11-20 00:00:00","2018-11-20 00:00:00"
"632","430","15","2018-11-20 00:00:00","2018-11-20 00:00:00"
"633","431","1","2018-11-20 00:00:00","2018-11-20 00:00:00"
"634","432","1","2018-11-20 00:00:00","2018-11-20 00:00:00"
"635","433","9","2018-11-20 00:00:00","2018-11-20 00:00:00"
"636","434","7","2018-11-20 00:00:00","2018-11-20 00:00:00"
"637","434","12","2018-11-20 00:00:00","2018-11-20 00:00:00"
"638","435","7","2018-11-20 00:00:00","2018-11-20 00:00:00"
"639","435","12","2018-11-20 00:00:00","2018-11-20 00:00:00"
"640","436","8","2018-11-20 00:00:00","2018-11-20 00:00:00"
"641","436","9","2018-11-20 00:00:00","2018-11-20 00:00:00"
"642","437","8","2018-11-20 00:00:00","2018-11-20 00:00:00"
"643","437","9","2018-11-20 00:00:00","2018-11-20 00:00:00"
"644","438","10","2018-11-20 00:00:00","2018-11-20 00:00:00"
"645","439","9","2018-11-20 00:00:00","2018-11-20 00:00:00"
"646","439","13","2018-11-20 00:00:00","2018-11-20 00:00:00"
"647","440","1","2018-11-20 00:00:00","2018-11-20 00:00:00"
"648","441","1","2018-11-20 00:00:00","2018-11-20 00:00:00"
"649","441","15","2018-11-20 00:00:00","2018-11-20 00:00:00"
"650","442","11","2018-11-20 00:00:00","2018-11-20 00:00:00"
"651","442","12","2018-11-20 00:00:00","2018-11-20 00:00:00"
"652","443","16","2018-11-20 00:00:00","2018-11-20 00:00:00"
"653","443","18","2018-11-20 00:00:00","2018-11-20 00:00:00"
"654","444","16","2018-11-20 00:00:00","2018-11-20 00:00:00"
"655","444","18","2018-11-20 00:00:00","2018-11-20 00:00:00"
"656","445","16","2018-11-20 00:00:00","2018-11-20 00:00:00"
"657","445","18","2018-11-20 00:00:00","2018-11-20 00:00:00"
"658","446","1","2018-11-20 00:00:00","2018-11-20 00:00:00"
"659","447","17","2018-11-20 00:00:00","2018-11-20 00:00:00"
"660","448","8","2018-11-20 00:00:00","2018-11-20 00:00:00"
"661","448","17","2018-11-20 00:00:00","2018-11-20 00:00:00"
"662","449","16","2018-11-20 00:00:00","2018-11-20 00:00:00"
"663","450","16","2018-11-20 00:00:00","2018-11-20 00:00:00"
"664","451","7","2018-11-20 00:00:00","2018-11-20 00:00:00"
"665","451","14","2018-11-20 00:00:00","2018-11-20 00:00:00"
"666","452","7","2018-11-20 00:00:00","2018-11-20 00:00:00"
"667","452","12","2018-11-20 00:00:00","2018-11-20 00:00:00"
"668","453","7","2018-11-20 00:00:00","2018-11-20 00:00:00"
"669","453","17","2018-11-20 00:00:00","2018-11-20 00:00:00"
"670","454","7","2018-11-20 00:00:00","2018-11-20 00:00:00"
"671","454","17","2018-11-20 00:00:00","2018-11-20 00:00:00"
"672","455","5","2018-11-20 00:00:00","2018-11-20 00:00:00"
"673","456","3","2018-11-20 00:00:00","2018-11-20 00:00:00"
"674","457","3","2018-11-20 00:00:00","2018-11-20 00:00:00"
"675","458","3","2018-11-20 00:00:00","2018-11-20 00:00:00"
"676","458","15","2018-11-20 00:00:00","2018-11-20 00:00:00"
"677","459","5","2018-11-20 00:00:00","2018-11-20 00:00:00"
"678","459","6","2018-11-20 00:00:00","2018-11-20 00:00:00"
"679","460","5","2018-11-20 00:00:00","2018-11-20 00:00:00"
"680","460","6","2018-11-20 00:00:00","2018-11-20 00:00:00"
"681","461","6","2018-11-20 00:00:00","2018-11-20 00:00:00"
"682","461","12","2018-11-20 00:00:00","2018-11-20 00:00:00"
"683","462","4","2018-11-20 00:00:00","2018-11-20 00:00:00"
"684","462","8","2018-11-20 00:00:00","2018-11-20 00:00:00"
"685","463","1","2018-11-20 00:00:00","2018-11-20 00:00:00"
"686","464","10","2018-11-20 00:00:00","2018-11-20 00:00:00"
"687","464","16","2018-11-20 00:00:00","2018-11-20 00:00:00"
"688","465","5","2018-11-20 00:00:00","2018-11-20 00:00:00"
"689","466","4","2018-11-20 00:00:00","2018-11-20 00:00:00"
"690","467","2","2018-11-20 00:00:00","2018-11-20 00:00:00"
"691","468","13","2018-11-20 00:00:00","2018-11-20 00:00:00"
"692","468","15","2018-11-20 00:00:00","2018-11-20 00:00:00"
"693","469","14","2018-11-20 00:00:00","2018-11-20 00:00:00"
"694","469","15","2018-11-20 00:00:00","2018-11-20 00:00:00"
"695","470","5","2018-11-20 00:00:00","2018-11-20 00:00:00"
"696","471","6","2018-11-20 00:00:00","2018-11-20 00:00:00"
"697","472","15","2018-11-20 00:00:00","2018-11-20 00:00:00"
"698","472","16","2018-11-20 00:00:00","2018-11-20 00:00:00"
"699","473","6","2018-11-20 00:00:00","2018-11-20 00:00:00"
"700","473","16","2018-11-20 00:00:00","2018-11-20 00:00:00"
"701","474","1","2018-11-20 00:00:00","2018-11-20 00:00:00"
"702","475","9","2018-11-20 00:00:00","2018-11-20 00:00:00"
"703","475","17","2018-11-20 00:00:00","2018-11-20 00:00:00"
"704","476","8","2018-11-20 00:00:00","2018-11-20 00:00:00"
"705","476","10","2018-11-20 00:00:00","2018-11-20 00:00:00"
"706","477","11","2018-11-20 00:00:00","2018-11-20 00:00:00"
"707","478","6","2018-11-20 00:00:00","2018-11-20 00:00:00"
"708","478","11","2018-11-20 00:00:00","2018-11-20 00:00:00"
"709","479","4","2018-11-20 00:00:00","2018-11-20 00:00:00"
"710","479","11","2018-11-20 00:00:00","2018-11-20 00:00:00"
"711","480","9","2018-11-20 00:00:00","2018-11-20 00:00:00"
"712","481","9","2018-11-20 00:00:00","2018-11-20 00:00:00"
"713","482","9","2018-11-20 00:00:00","2018-11-20 00:00:00"
"714","483","8","2018-11-20 00:00:00","2018-11-20 00:00:00"
"715","483","18","2018-11-20 00:00:00","2018-11-20 00:00:00"
"716","484","3","2018-11-20 00:00:00","2018-11-20 00:00:00"
"717","484","18","2018-11-20 00:00:00","2018-11-20 00:00:00"
"718","485","2","2018-11-20 00:00:00","2018-11-20 00:00:00"
"719","485","8","2018-11-20 00:00:00","2018-11-20 00:00:00"
"720","486","1","2018-11-20 00:00:00","2018-11-20 00:00:00"
"721","487","11","2018-11-20 00:00:00","2018-11-20 00:00:00"
"722","487","18","2018-11-20 00:00:00","2018-11-20 00:00:00"
"723","488","9","2018-11-20 00:00:00","2018-11-20 00:00:00"
"724","489","3","2018-11-20 00:00:00","2018-11-20 00:00:00"
"725","490","3","2018-11-20 00:00:00","2018-11-20 00:00:00"
"726","491","12","2018-11-20 00:00:00","2018-11-20 00:00:00"
"727","492","5","2018-11-20 00:00:00","2018-11-20 00:00:00"
"728","493","1","2018-11-20 00:00:00","2018-11-20 00:00:00"
"729","494","2","2018-11-20 00:00:00","2018-11-20 00:00:00"
"730","494","9","2018-11-20 00:00:00","2018-11-20 00:00:00"
"731","495","5","2018-11-20 00:00:00","2018-11-20 00:00:00"
"732","496","5","2018-11-20 00:00:00","2018-11-20 00:00:00"
"733","497","5","2018-11-20 00:00:00","2018-11-20 00:00:00"
"734","498","2","2018-11-20 00:00:00","2018-11-20 00:00:00"
"735","499","2","2018-11-20 00:00:00","2018-11-20 00:00:00"
"736","499","17","2018-11-20 00:00:00","2018-11-20 00:00:00"
"737","500","2","2018-11-20 00:00:00","2018-11-20 00:00:00"
"738","500","17","2018-11-20 00:00:00","2018-11-20 00:00:00"
"739","501","3","2018-11-20 00:00:00","2018-11-20 00:00:00"
"740","502","3","2018-11-20 00:00:00","2018-11-20 00:00:00"
"741","503","3","2018-11-20 00:00:00","2018-11-20 00:00:00"
"742","504","1","2018-11-20 00:00:00","2018-11-20 00:00:00"
"743","505","1","2018-11-20 00:00:00","2018-11-20 00:00:00"
"744","506","1","2018-11-20 00:00:00","2018-11-20 00:00:00"
"745","507","1","2018-11-20 00:00:00","2018-11-20 00:00:00"
"746","508","1","2018-11-20 00:00:00","2018-11-20 00:00:00"
"747","509","12","2018-11-20 00:00:00","2018-11-20 00:00:00"
"748","510","12","2018-11-20 00:00:00","2018-11-20 00:00:00"
"749","511","5","2018-11-20 00:00:00","2018-11-20 00:00:00"
"750","512","5","2018-11-20 00:00:00","2018-11-20 00:00:00"
"751","513","2","2018-11-20 00:00:00","2018-11-20 00:00:00"
"752","514","2","2018-11-20 00:00:00","2018-11-20 00:00:00"
"753","515","3","2018-11-20 00:00:00","2018-11-20 00:00:00"
"754","516","3","2018-11-20 00:00:00","2018-11-20 00:00:00"
"755","517","9","2018-11-20 00:00:00","2018-11-20 00:00:00"
"756","518","9","2018-11-20 00:00:00","2018-11-20 00:00:00"
"757","519","1","2018-11-20 00:00:00","2018-11-20 00:00:00"
"758","519","15","2018-11-20 00:00:00","2018-11-20 00:00:00"
"759","520","1","2018-11-20 00:00:00","2018-11-20 00:00:00"
"760","520","15","2018-11-20 00:00:00","2018-11-20 00:00:00"
"761","521","1","2018-11-20 00:00:00","2018-11-20 00:00:00"
"762","521","15","2018-11-20 00:00:00","2018-11-20 00:00:00"
"763","522","4","2018-11-20 00:00:00","2018-11-20 00:00:00"
"764","523","4","2018-11-20 00:00:00","2018-11-20 00:00:00"
"765","524","10","2018-11-20 00:00:00","2018-11-20 00:00:00"
"766","525","10","2018-11-20 00:00:00","2018-11-20 00:00:00"
"767","526","10","2018-11-20 00:00:00","2018-11-20 00:00:00"
"768","527","9","2018-11-20 00:00:00","2018-11-20 00:00:00"
"769","527","15","2018-11-20 00:00:00","2018-11-20 00:00:00"
"770","528","9","2018-11-20 00:00:00","2018-11-20 00:00:00"
"771","528","15","2018-11-20 00:00:00","2018-11-20 00:00:00"
"772","529","16","2018-11-20 00:00:00","2018-11-20 00:00:00"
"773","530","8","2018-11-20 00:00:00","2018-11-20 00:00:00"
"774","530","16","2018-11-20 00:00:00","2018-11-20 00:00:00"
"775","531","1","2018-11-20 00:00:00","2018-11-20 00:00:00"
"776","532","17","2018-11-20 00:00:00","2018-11-20 00:00:00"
"777","533","17","2018-11-20 00:00:00","2018-11-20 00:00:00"
"778","534","17","2018-11-20 00:00:00","2018-11-20 00:00:00"
"779","535","3","2018-11-20 00:00:00","2018-11-20 00:00:00"
"780","536","3","2018-11-20 00:00:00","2018-11-20 00:00:00"
"781","536","16","2018-11-20 00:00:00","2018-11-20 00:00:00"
"782","537","3","2018-11-20 00:00:00","2018-11-20 00:00:00"
"783","537","16","2018-11-20 00:00:00","2018-11-20 00:00:00"
"784","538","17","2018-11-20 00:00:00","2018-11-20 00:00:00"
"785","539","17","2018-11-20 00:00:00","2018-11-20 00:00:00"
"786","540","5","2018-11-20 00:00:00","2018-11-20 00:00:00"
"787","540","14","2018-11-20 00:00:00","2018-11-20 00:00:00"
"788","541","5","2018-11-20 00:00:00","2018-11-20 00:00:00"
"789","541","14","2018-11-20 00:00:00","2018-11-20 00:00:00"
"790","542","5","2018-11-20 00:00:00","2018-11-20 00:00:00"
"791","542","14","2018-11-20 00:00:00","2018-11-20 00:00:00"
"792","543","7","2018-11-20 00:00:00","2018-11-20 00:00:00"
"793","543","14","2018-11-20 00:00:00","2018-11-20 00:00:00"
"794","544","7","2018-11-20 00:00:00","2018-11-20 00:00:00"
"795","544","14","2018-11-20 00:00:00","2018-11-20 00:00:00"
"796","545","7","2018-11-20 00:00:00","2018-11-20 00:00:00"
"797","545","14","2018-11-20 00:00:00","2018-11-20 00:00:00"
"798","546","5","2018-11-20 00:00:00","2018-11-20 00:00:00"
"799","546","13","2018-11-20 00:00:00","2018-11-20 00:00:00"
"800","547","5","2018-11-20 00:00:00","2018-11-20 00:00:00"
"801","547","13","2018-11-20 00:00:00","2018-11-20 00:00:00"
"802","548","5","2018-11-20 00:00:00","2018-11-20 00:00:00"
"803","549","5","2018-11-20 00:00:00","2018-11-20 00:00:00"
"804","550","3","2018-11-20 00:00:00","2018-11-20 00:00:00"
"805","551","12","2018-11-20 00:00:00","2018-11-20 00:00:00"
"806","551","16","2018-11-20 00:00:00","2018-11-20 00:00:00"
"807","552","12","2018-11-20 00:00:00","2018-11-20 00:00:00"
"808","552","16","2018-11-20 00:00:00","2018-11-20 00:00:00"
"809","553","12","2018-11-20 00:00:00","2018-11-20 00:00:00"
"810","553","16","2018-11-20 00:00:00","2018-11-20 00:00:00"
"811","554","2","2018-11-20 00:00:00","2018-11-20 00:00:00"
"812","555","2","2018-11-20 00:00:00","2018-11-20 00:00:00"
"813","556","5","2018-11-20 00:00:00","2018-11-20 00:00:00"
"814","557","10","2018-11-20 00:00:00","2018-11-20 00:00:00"
"815","557","14","2018-11-20 00:00:00","2018-11-20 00:00:00"
"816","558","10","2018-11-20 00:00:00","2018-11-20 00:00:00"
"817","558","14","2018-11-20 00:00:00","2018-11-20 00:00:00"
"818","559","12","2018-11-20 00:00:00","2018-11-20 00:00:00"
"819","559","17","2018-11-20 00:00:00","2018-11-20 00:00:00"
"820","560","12","2018-11-20 00:00:00","2018-11-20 00:00:00"
"821","560","17","2018-11-20 00:00:00","2018-11-20 00:00:00"
"822","561","9","2018-11-20 00:00:00","2018-11-20 00:00:00"
"823","561","15","2018-11-20 00:00:00","2018-11-20 00:00:00"
"824","562","11","2018-11-20 00:00:00","2018-11-20 00:00:00"
"825","563","11","2018-11-20 00:00:00","2018-11-20 00:00:00"
"826","564","3","2018-11-20 00:00:00","2018-11-20 00:00:00"
"827","564","10","2018-11-20 00:00:00","2018-11-20 00:00:00"
"828","565","3","2018-11-20 00:00:00","2018-11-20 00:00:00"
"829","565","10","2018-11-20 00:00:00","2018-11-20 00:00:00"
"830","566","10","2018-11-20 00:00:00","2018-11-20 00:00:00"
"831","566","15","2018-11-20 00:00:00","2018-11-20 00:00:00"
"832","567","10","2018-11-20 00:00:00","2018-11-20 00:00:00"
"833","567","15","2018-11-20 00:00:00","2018-11-20 00:00:00"
"834","568","7","2018-11-20 00:00:00","2018-11-20 00:00:00"
"835","569","7","2018-11-20 00:00:00","2018-11-20 00:00:00"
"836","570","12","2018-11-20 00:00:00","2018-11-20 00:00:00"
"837","571","12","2018-11-20 00:00:00","2018-11-20 00:00:00"
"838","572","1","2018-11-20 00:00:00","2018-11-20 00:00:00"
"839","573","1","2018-11-20 00:00:00","2018-11-20 00:00:00"
"840","574","9","2018-11-20 00:00:00","2018-11-20 00:00:00"
"841","575","9","2018-11-20 00:00:00","2018-11-20 00:00:00"
"842","576","9","2018-11-20 00:00:00","2018-11-20 00:00:00"
"843","577","9","2018-11-20 00:00:00","2018-11-20 00:00:00"
"844","578","9","2018-11-20 00:00:00","2018-11-20 00:00:00"
"845","579","9","2018-11-20 00:00:00","2018-11-20 00:00:00"
"846","580","3","2018-11-20 00:00:00","2018-11-20 00:00:00"
"847","580","15","2018-11-20 00:00:00","2018-11-20 00:00:00"
"848","581","3","2018-11-20 00:00:00","2018-11-20 00:00:00"
"849","581","15","2018-11-20 00:00:00","2018-11-20 00:00:00"
"850","582","6","2018-11-20 00:00:00","2018-11-20 00:00:00"
"851","583","6","2018-11-20 00:00:00","2018-11-20 00:00:00"
"852","584","6","2018-11-20 00:00:00","2018-11-20 00:00:00"
"853","585","1","2018-11-20 00:00:00","2018-11-20 00:00:00"
"854","585","5","2018-11-20 00:00:00","2018-11-20 00:00:00"
"855","586","1","2018-11-20 00:00:00","2018-11-20 00:00:00"
"856","586","5","2018-11-20 00:00:00","2018-11-20 00:00:00"
"857","587","4","2018-11-20 00:00:00","2018-11-20 00:00:00"
"858","587","15","2018-11-20 00:00:00","2018-11-20 00:00:00"
"859","588","14","2018-11-20 00:00:00","2018-11-20 00:00:00"
"860","589","8","2018-11-20 00:00:00","2018-11-20 00:00:00"
"861","589","14","2018-11-20 00:00:00","2018-11-20 00:00:00"
"862","590","5","2018-11-20 00:00:00","2018-11-20 00:00:00"
"863","590","7","2018-11-20 00:00:00","2018-11-20 00:00:00"
"864","591","5","2018-11-20 00:00:00","2018-11-20 00:00:00"
"865","591","7","2018-11-20 00:00:00","2018-11-20 00:00:00"
"866","592","3","2018-11-20 00:00:00","2018-11-20 00:00:00"
"867","592","11","2018-11-20 00:00:00","2018-11-20 00:00:00"
"868","593","3","2018-11-20 00:00:00","2018-11-20 00:00:00"
"869","593","11","2018-11-20 00:00:00","2018-11-20 00:00:00"
"870","594","3","2018-11-20 00:00:00","2018-11-20 00:00:00"
"871","595","4","2018-11-20 00:00:00","2018-11-20 00:00:00"
"872","595","14","2018-11-20 00:00:00","2018-11-20 00:00:00"
"873","596","4","2018-11-20 00:00:00","2018-11-20 00:00:00"
"874","596","14","2018-11-20 00:00:00","2018-11-20 00:00:00"
"875","597","5","2018-11-20 00:00:00","2018-11-20 00:00:00"
"876","597","8","2018-11-20 00:00:00","2018-11-20 00:00:00"
"877","598","5","2018-11-20 00:00:00","2018-11-20 00:00:00"
"878","598","8","2018-11-20 00:00:00","2018-11-20 00:00:00"
"879","599","8","2018-11-20 00:00:00","2018-11-20 00:00:00"
"880","600","8","2018-11-20 00:00:00","2018-11-20 00:00:00"
"881","601","8","2018-11-20 00:00:00","2018-11-20 00:00:00"
"882","602","4","2018-11-20 00:00:00","2018-11-20 00:00:00"
"883","603","4","2018-11-20 00:00:00","2018-11-20 00:00:00"
"884","604","4","2018-11-20 00:00:00","2018-11-20 00:00:00"
"885","605","9","2018-11-20 00:00:00","2018-11-20 00:00:00"
"886","606","9","2018-11-20 00:00:00","2018-11-20 00:00:00"
"887","607","2","2018-11-20 00:00:00","2018-11-20 00:00:00"
"888","607","11","2018-11-20 00:00:00","2018-11-20 00:00:00"
"889","608","2","2018-11-20 00:00:00","2018-11-20 00:00:00"
"890","608","11","2018-11-20 00:00:00","2018-11-20 00:00:00"
"891","609","2","2018-11-20 00:00:00","2018-11-20 00:00:00"
"892","609","11","2018-11-20 00:00:00","2018-11-20 00:00:00"
"893","610","18","2018-11-20 00:00:00","2018-11-20 00:00:00"
"894","611","18","2018-11-20 00:00:00","2018-11-20 00:00:00"
"895","612","18","2018-11-20 00:00:00","2018-11-20 00:00:00"
"896","613","6","2018-11-20 00:00:00","2018-11-20 00:00:00"
"897","614","6","2018-11-20 00:00:00","2018-11-20 00:00:00"
"898","615","6","2018-11-20 00:00:00","2018-11-20 00:00:00"
"899","616","14","2018-11-20 00:00:00","2018-11-20 00:00:00"
"900","617","14","2018-11-20 00:00:00","2018-11-20 00:00:00"
"901","618","4","2018-11-20 00:00:00","2018-11-20 00:00:00"
"902","618","16","2018-11-20 00:00:00","2018-11-20 00:00:00"
"903","619","17","2018-11-20 00:00:00","2018-11-20 00:00:00"
"904","620","17","2018-11-20 00:00:00","2018-11-20 00:00:00"
"905","621","18","2018-11-20 00:00:00","2018-11-20 00:00:00"
"906","622","11","2018-11-20 00:00:00","2018-11-20 00:00:00"
"907","622","16","2018-11-20 00:00:00","2018-11-20 00:00:00"
"908","623","11","2018-11-20 00:00:00","2018-11-20 00:00:00"
"909","623","16","2018-11-20 00:00:00","2018-11-20 00:00:00"
"910","624","8","2018-11-20 00:00:00","2018-11-20 00:00:00"
"911","624","12","2018-11-20 00:00:00","2018-11-20 00:00:00"
"912","625","8","2018-11-20 00:00:00","2018-11-20 00:00:00"
"913","625","12","2018-11-20 00:00:00","2018-11-20 00:00:00"
"914","626","1","2018-11-20 00:00:00","2018-11-20 00:00:00"
"915","627","1","2018-11-20 00:00:00","2018-11-20 00:00:00"
"916","627","15","2018-11-20 00:00:00","2018-11-20 00:00:00"
"917","628","1","2018-11-20 00:00:00","2018-11-20 00:00:00"
"918","628","15","2018-11-20 00:00:00","2018-11-20 00:00:00"
"919","629","12","2018-11-20 00:00:00","2018-11-20 00:00:00"
"920","629","15","2018-11-20 00:00:00","2018-11-20 00:00:00"
"921","630","12","2018-11-20 00:00:00","2018-11-20 00:00:00"
"922","630","15","2018-11-20 00:00:00","2018-11-20 00:00:00"
"923","631","2","2018-11-20 00:00:00","2018-11-20 00:00:00"
"924","632","8","2018-11-20 00:00:00","2018-11-20 00:00:00"
"925","632","14","2018-11-20 00:00:00","2018-11-20 00:00:00"
"926","633","12","2018-11-20 00:00:00","2018-11-20 00:00:00"
"927","633","18","2018-11-20 00:00:00","2018-11-20 00:00:00"
"928","634","12","2018-11-20 00:00:00","2018-11-20 00:00:00"
"929","634","18","2018-11-20 00:00:00","2018-11-20 00:00:00"
"930","635","12","2018-11-20 00:00:00","2018-11-20 00:00:00"
"931","635","18","2018-11-20 00:00:00","2018-11-20 00:00:00"
"932","636","2","2018-11-20 00:00:00","2018-11-20 00:00:00"
"933","636","14","2018-11-20 00:00:00","2018-11-20 00:00:00"
"934","637","2","2018-11-20 00:00:00","2018-11-20 00:00:00"
"935","637","14","2018-11-20 00:00:00","2018-11-20 00:00:00"
"936","638","8","2018-11-20 00:00:00","2018-11-20 00:00:00"
"937","638","17","2018-11-20 00:00:00","2018-11-20 00:00:00"
"938","639","10","2018-11-20 00:00:00","2018-11-20 00:00:00"
"939","639","17","2018-11-20 00:00:00","2018-11-20 00:00:00"
"940","640","5","2018-11-20 00:00:00","2018-11-20 00:00:00"
"941","640","17","2018-11-20 00:00:00","2018-11-20 00:00:00"
"942","641","15","2018-11-20 00:00:00","2018-11-20 00:00:00"
"943","642","4","2018-11-20 00:00:00","2018-11-20 00:00:00"
"944","642","15","2018-11-20 00:00:00","2018-11-20 00:00:00"
"945","643","2","2018-11-20 00:00:00","2018-11-20 00:00:00"
"946","643","18","2018-11-20 00:00:00","2018-11-20 00:00:00"
"947","644","4","2018-11-20 00:00:00","2018-11-20 00:00:00"
"948","644","18","2018-11-20 00:00:00","2018-11-20 00:00:00"
"949","645","15","2018-11-20 00:00:00","2018-11-20 00:00:00"
"950","645","16","2018-11-20 00:00:00","2018-11-20 00:00:00"
"951","646","6","2018-11-20 00:00:00","2018-11-20 00:00:00"
"952","646","18","2018-11-20 00:00:00","2018-11-20 00:00:00"
"953","647","3","2018-11-20 00:00:00","2018-11-20 00:00:00"
"954","647","17","2018-11-20 00:00:00","2018-11-20 00:00:00"
"955","648","1","2018-11-20 00:00:00","2018-11-20 00:00:00"
"956","648","9","2018-11-20 00:00:00","2018-11-20 00:00:00"
"957","649","8","2018-11-20 00:00:00","2018-11-20 00:00:00"
"958","649","14","2018-11-20 00:00:00","2018-11-20 00:00:00"
"959","650","5","2018-11-20 00:00:00","2018-11-20 00:00:00"
"960","651","5","2018-11-20 00:00:00","2018-11-20 00:00:00"
"961","652","5","2018-11-20 00:00:00","2018-11-20 00:00:00"
"962","652","17","2018-11-20 00:00:00","2018-11-20 00:00:00"
"963","653","2","2018-11-20 00:00:00","2018-11-20 00:00:00"
"964","654","2","2018-11-20 00:00:00","2018-11-20 00:00:00"
"965","655","2","2018-11-20 00:00:00","2018-11-20 00:00:00"
"966","655","9","2018-11-20 00:00:00","2018-11-20 00:00:00"
"967","656","3","2018-11-20 00:00:00","2018-11-20 00:00:00"
"968","657","3","2018-11-20 00:00:00","2018-11-20 00:00:00"
"969","658","3","2018-11-20 00:00:00","2018-11-20 00:00:00"
"970","658","12","2018-11-20 00:00:00","2018-11-20 00:00:00"
"971","659","1","2018-11-20 00:00:00","2018-11-20 00:00:00"
"972","660","1","2018-11-20 00:00:00","2018-11-20 00:00:00"
"973","660","16","2018-11-20 00:00:00","2018-11-20 00:00:00"
"974","661","1","2018-11-20 00:00:00","2018-11-20 00:00:00"
"975","661","15","2018-11-20 00:00:00","2018-11-20 00:00:00"
"976","662","2","2018-11-20 00:00:00","2018-11-20 00:00:00"
"977","662","15","2018-11-20 00:00:00","2018-11-20 00:00:00"
"978","663","2","2018-11-20 00:00:00","2018-11-20 00:00:00"
"979","663","15","2018-11-20 00:00:00","2018-11-20 00:00:00"
"980","664","14","2018-11-20 00:00:00","2018-11-20 00:00:00"
"981","665","14","2018-11-20 00:00:00","2018-11-20 00:00:00"
"982","666","14","2018-11-20 00:00:00","2018-11-20 00:00:00"
"983","666","15","2018-11-20 00:00:00","2018-11-20 00:00:00"
"984","667","1","2018-11-20 00:00:00","2018-11-20 00:00:00"
"985","667","2","2018-11-20 00:00:00","2018-11-20 00:00:00"
"986","668","1","2018-11-20 00:00:00","2018-11-20 00:00:00"
"987","668","2","2018-11-20 00:00:00","2018-11-20 00:00:00"
"988","669","13","2018-11-20 00:00:00","2018-11-20 00:00:00"
"989","670","13","2018-11-20 00:00:00","2018-11-20 00:00:00"
"990","671","13","2018-11-20 00:00:00","2018-11-20 00:00:00"
"991","672","5","2018-11-20 00:00:00","2018-11-20 00:00:00"
"992","673","5","2018-11-20 00:00:00","2018-11-20 00:00:00"
"993","674","17","2018-11-20 00:00:00","2018-11-20 00:00:00"
"994","675","12","2018-11-20 00:00:00","2018-11-20 00:00:00"
"995","675","17","2018-11-20 00:00:00","2018-11-20 00:00:00"
"996","676","1","2018-11-20 00:00:00","2018-11-20 00:00:00"
"997","677","9","2018-11-20 00:00:00","2018-11-20 00:00:00"
"998","678","9","2018-11-20 00:00:00","2018-11-20 00:00:00"
"999","679","8","2018-11-20 00:00:00","2018-11-20 00:00:00"
"1000","679","11","2018-11-20 00:00:00","2018-11-20 00:00:00"
"1001","680","8","2018-11-20 00:00:00","2018-11-20 00:00:00"
"1002","680","11","2018-11-20 00:00:00","2018-11-20 00:00:00"
"1003","681","8","2018-11-20 00:00:00","2018-11-20 00:00:00"
"1004","681","11","2018-11-20 00:00:00","2018-11-20 00:00:00"
"1005","682","13","2018-11-20 00:00:00","2018-11-20 00:00:00"
"1006","683","13","2018-11-20 00:00:00","2018-11-20 00:00:00"
"1007","684","13","2018-11-20 00:00:00","2018-11-20 00:00:00"
"1008","685","13","2018-11-20 00:00:00","2018-11-20 00:00:00"
"1009","686","9","2018-11-20 00:00:00","2018-11-20 00:00:00"
"1010","686","12","2018-11-20 00:00:00","2018-11-20 00:00:00"
"1011","687","9","2018-11-20 00:00:00","2018-11-20 00:00:00"
"1012","687","12","2018-11-20 00:00:00","2018-11-20 00:00:00"
"1013","688","3","2018-11-20 00:00:00","2018-11-20 00:00:00"
"1014","688","10","2018-11-20 00:00:00","2018-11-20 00:00:00"
"1015","689","3","2018-11-20 00:00:00","2018-11-20 00:00:00"
"1016","689","10","2018-11-20 00:00:00","2018-11-20 00:00:00"
"1017","690","3","2018-11-20 00:00:00","2018-11-20 00:00:00"
"1018","690","7","2018-11-20 00:00:00","2018-11-20 00:00:00"
"1019","691","7","2018-11-20 00:00:00","2018-11-20 00:00:00"
"1020","691","18","2018-11-20 00:00:00","2018-11-20 00:00:00"
"1021","692","3","2018-11-20 00:00:00","2018-11-20 00:00:00"
"1022","693","3","2018-11-20 00:00:00","2018-11-20 00:00:00"
"1023","694","1","2018-11-20 00:00:00","2018-11-20 00:00:00"
"1024","694","4","2018-11-20 00:00:00","2018-11-20 00:00:00"
"1025","695","1","2018-11-20 00:00:00","2018-11-20 00:00:00"
"1026","695","4","2018-11-20 00:00:00","2018-11-20 00:00:00"
"1027","696","10","2018-11-20 00:00:00","2018-11-20 00:00:00"
"1028","696","18","2018-11-20 00:00:00","2018-11-20 00:00:00"
"1029","697","10","2018-11-20 00:00:00","2018-11-20 00:00:00"
"1030","697","18","2018-11-20 00:00:00","2018-11-20 00:00:00"
"1031","698","6","2018-11-20 00:00:00","2018-11-20 00:00:00"
"1032","698","10","2018-11-20 00:00:00","2018-11-20 00:00:00"
"1033","699","6","2018-11-20 00:00:00","2018-11-20 00:00:00"
"1034","699","10","2018-11-20 00:00:00","2018-11-20 00:00:00"
"1035","700","13","2018-11-20 00:00:00","2018-11-20 00:00:00"
"1036","701","15","2018-11-20 00:00:00","2018-11-20 00:00:00"
"1037","701","17","2018-11-20 00:00:00","2018-11-20 00:00:00"
"1038","702","4","2018-11-20 00:00:00","2018-11-20 00:00:00"
"1039","702","13","2018-11-20 00:00:00","2018-11-20 00:00:00"
"1040","703","10","2018-11-20 00:00:00","2018-11-20 00:00:00"
"1041","703","13","2018-11-20 00:00:00","2018-11-20 00:00:00"
"1042","704","18","2018-11-20 00:00:00","2018-11-20 00:00:00"
"1043","705","18","2018-11-20 00:00:00","2018-11-20 00:00:00"
"1044","706","18","2018-11-20 00:00:00","2018-11-20 00:00:00"
"1045","707","8","2018-11-20 00:00:00","2018-11-20 00:00:00"
"1046","707","13","2018-11-20 00:00:00","2018-11-20 00:00:00"
"1047","708","5","2018-11-20 00:00:00","2018-11-20 00:00:00"
"1048","708","11","2018-11-20 00:00:00","2018-11-20 00:00:00"
"1049","709","5","2018-11-20 00:00:00","2018-11-20 00:00:00"
"1050","709","11","2018-11-20 00:00:00","2018-11-20 00:00:00"
"1051","710","5","2018-11-20 00:00:00","2018-11-20 00:00:00"
"1052","710","11","2018-11-20 00:00:00","2018-11-20 00:00:00"
"1053","711","5","2018-11-20 00:00:00","2018-11-20 00:00:00"
"1054","711","11","2018-11-20 00:00:00","2018-11-20 00:00:00"
"1055","712","6","2018-11-20 00:00:00","2018-11-20 00:00:00"
"1056","713","6","2018-11-20 00:00:00","2018-11-20 00:00:00"
"1057","714","15","2018-11-20 00:00:00","2018-11-20 00:00:00"
"1058","714","18","2018-11-20 00:00:00","2018-11-20 00:00:00"
"1059","715","15","2018-11-20 00:00:00","2018-11-20 00:00:00"
"1060","715","18","2018-11-20 00:00:00","2018-11-20 00:00:00"
"1061","716","13","2018-11-20 00:00:00","2018-11-20 00:00:00"
"1062","717","12","2018-11-20 00:00:00","2018-11-20 00:00:00"
"1063","717","15","2018-11-20 00:00:00","2018-11-20 00:00:00"
"1064","718","16","2018-11-20 00:00:00","2018-11-20 00:00:00"
"1065","718","18","2018-11-20 00:00:00","2018-11-20 00:00:00"
"1066","719","10","2018-11-20 00:00:00","2018-11-20 00:00:00"
"1067","719","13","2018-11-20 00:00:00","2018-11-20 00:00:00"
"1068","720","9","2018-11-20 00:00:00","2018-11-20 00:00:00"
"1069","720","11","2018-11-20 00:00:00","2018-11-20 00:00:00"
"1070","721","2","2018-11-20 00:00:00","2018-11-20 00:00:00"
"1071","721","3","2018-11-20 00:00:00","2018-11-20 00:00:00"
"1072","722","5","2018-11-20 00:00:00","2018-11-20 00:00:00"
"1073","722","15","2018-11-20 00:00:00","2018-11-20 00:00:00"
"1074","723","5","2018-11-20 00:00:00","2018-11-20 00:00:00"
"1075","723","15","2018-11-20 00:00:00","2018-11-20 00:00:00"
"1076","724","5","2018-11-20 00:00:00","2018-11-20 00:00:00"
"1077","724","11","2018-11-20 00:00:00","2018-11-20 00:00:00"
"1078","725","2","2018-11-20 00:00:00","2018-11-20 00:00:00"
"1079","726","2","2018-11-20 00:00:00","2018-11-20 00:00:00"
"1080","727","2","2018-11-20 00:00:00","2018-11-20 00:00:00"
"1081","727","12","2018-11-20 00:00:00","2018-11-20 00:00:00"
"1082","728","3","2018-11-20 00:00:00","2018-11-20 00:00:00"
"1083","729","3","2018-11-20 00:00:00","2018-11-20 00:00:00"
"1084","730","3","2018-11-20 00:00:00","2018-11-20 00:00:00"
"1085","730","13","2018-11-20 00:00:00","2018-11-20 00:00:00"
"1086","731","1","2018-11-20 00:00:00","2018-11-20 00:00:00"
"1087","731","15","2018-11-20 00:00:00","2018-11-20 00:00:00"
"1088","732","1","2018-11-20 00:00:00","2018-11-20 00:00:00"
"1089","732","15","2018-11-20 00:00:00","2018-11-20 00:00:00"
"1090","733","1","2018-11-20 00:00:00","2018-11-20 00:00:00"
"1091","733","15","2018-11-20 00:00:00","2018-11-20 00:00:00"
"1092","734","1","2018-11-20 00:00:00","2018-11-20 00:00:00"
"1093","735","1","2018-11-20 00:00:00","2018-11-20 00:00:00"
"1094","736","14","2018-11-20 00:00:00","2018-11-20 00:00:00"
"1095","737","4","2018-11-20 00:00:00","2018-11-20 00:00:00"
"1096","737","14","2018-11-20 00:00:00","2018-11-20 00:00:00"
"1097","738","4","2018-11-20 00:00:00","2018-11-20 00:00:00"
"1098","738","14","2018-11-20 00:00:00","2018-11-20 00:00:00"
"1099","739","17","2018-11-20 00:00:00","2018-11-20 00:00:00"
"1100","740","6","2018-11-20 00:00:00","2018-11-20 00:00:00"
"1101","740","17","2018-11-20 00:00:00","2018-11-20 00:00:00"
"1102","741","2","2018-11-20 00:00:00","2018-11-20 00:00:00"
"1103","741","15","2018-11-20 00:00:00","2018-11-20 00:00:00"
"1104","742","13","2018-11-20 00:00:00","2018-11-20 00:00:00"
"1105","742","14","2018-11-20 00:00:00","2018-11-20 00:00:00"
"1106","743","13","2018-11-20 00:00:00","2018-11-20 00:00:00"
"1107","743","14","2018-11-20 00:00:00","2018-11-20 00:00:00"
"1108","744","10","2018-11-20 00:00:00","2018-11-20 00:00:00"
"1109","745","10","2018-11-20 00:00:00","2018-11-20 00:00:00"
"1110","746","3","2018-11-20 00:00:00","2018-11-20 00:00:00"
"1111","747","3","2018-11-20 00:00:00","2018-11-20 00:00:00"
"1112","747","7","2018-11-20 00:00:00","2018-11-20 00:00:00"
"1113","748","3","2018-11-20 00:00:00","2018-11-20 00:00:00"
"1114","748","7","2018-11-20 00:00:00","2018-11-20 00:00:00"
"1115","749","16","2018-11-20 00:00:00","2018-11-20 00:00:00"
"1116","750","16","2018-11-20 00:00:00","2018-11-20 00:00:00"
"1117","751","3","2018-11-20 00:00:00","2018-11-20 00:00:00"
"1118","751","14","2018-11-20 00:00:00","2018-11-20 00:00:00"
"1119","752","3","2018-11-20 00:00:00","2018-11-20 00:00:00"
"1120","752","14","2018-11-20 00:00:00","2018-11-20 00:00:00"
"1121","753","5","2018-11-20 00:00:00","2018-11-20 00:00:00"
"1122","754","5","2018-11-20 00:00:00","2018-11-20 00:00:00"
"1123","755","5","2018-11-20 00:00:00","2018-11-20 00:00:00"
"1124","755","13","2018-11-20 00:00:00","2018-11-20 00:00:00"
"1125","756","5","2018-11-20 00:00:00","2018-11-20 00:00:00"
"1126","756","13","2018-11-20 00:00:00","2018-11-20 00:00:00"
"1127","757","2","2018-11-20 00:00:00","2018-11-20 00:00:00"
"1128","757","7","2018-11-20 00:00:00","2018-11-20 00:00:00"
"1129","758","2","2018-11-20 00:00:00","2018-11-20 00:00:00"
"1130","758","7","2018-11-20 00:00:00","2018-11-20 00:00:00"
"1131","759","1","2018-11-20 00:00:00","2018-11-20 00:00:00"
"1132","759","17","2018-11-20 00:00:00","2018-11-20 00:00:00"
"1133","760","1","2018-11-20 00:00:00","2018-11-20 00:00:00"
"1134","760","17","2018-11-20 00:00:00","2018-11-20 00:00:00"
"1135","761","5","2018-11-20 00:00:00","2018-11-20 00:00:00"
"1136","762","5","2018-11-20 00:00:00","2018-11-20 00:00:00"
"1137","763","5","2018-11-20 00:00:00","2018-11-20 00:00:00"
"1138","764","13","2018-11-20 00:00:00","2018-11-20 00:00:00"
"1139","765","1","2018-11-20 00:00:00","2018-11-20 00:00:00"
"1140","765","9","2018-11-20 00:00:00","2018-11-20 00:00:00"
"1141","766","17","2018-11-20 00:00:00","2018-11-20 00:00:00"
"1142","767","3","2018-11-20 00:00:00","2018-11-20 00:00:00"
"1143","767","14","2018-11-20 00:00:00","2018-11-20 00:00:00"
"1144","768","3","2018-11-20 00:00:00","2018-11-20 00:00:00"
"1145","768","14","2018-11-20 00:00:00","2018-11-20 00:00:00"
"1146","769","11","2018-11-20 00:00:00","2018-11-20 00:00:00"
"1147","769","16","2018-11-20 00:00:00","2018-11-20 00:00:00"
"1148","770","11","2018-11-20 00:00:00","2018-11-20 00:00:00"
"1149","770","16","2018-11-20 00:00:00","2018-11-20 00:00:00"
"1150","771","3","2018-11-20 00:00:00","2018-11-20 00:00:00"
"1151","772","1","2018-11-20 00:00:00","2018-11-20 00:00:00"
"1152","773","1","2018-11-20 00:00:00","2018-11-20 00:00:00"
"1153","774","10","2018-11-20 00:00:00","2018-11-20 00:00:00"
"1154","774","15","2018-11-20 00:00:00","2018-11-20 00:00:00"
"1155","775","1","2018-11-20 00:00:00","2018-11-20 00:00:00"
"1156","776","2","2018-11-20 00:00:00","2018-11-20 00:00:00"
"1157","776","18","2018-11-20 00:00:00","2018-11-20 00:00:00"
"1158","777","4","2018-11-20 00:00:00","2018-11-20 00:00:00"
"1159","777","8","2018-11-20 00:00:00","2018-11-20 00:00:00"
"1160","778","11","2018-11-20 00:00:00","2018-11-20 00:00:00"
"1161","778","13","2018-11-20 00:00:00","2018-11-20 00:00:00"
"1162","779","3","2018-11-20 00:00:00","2018-11-20 00:00:00"
"1163","779","9","2018-11-20 00:00:00","2018-11-20 00:00:00"
"1164","780","1","2018-11-20 00:00:00","2018-11-20 00:00:00"
"1165","780","18","2018-11-20 00:00:00","2018-11-20 00:00:00"
"1166","781","5","2018-11-20 00:00:00","2018-11-20 00:00:00"
"1167","781","11","2018-11-20 00:00:00","2018-11-20 00:00:00"
"1168","782","18","2018-11-20 00:00:00","2018-11-20 00:00:00"
"1169","783","17","2018-11-20 00:00:00","2018-11-20 00:00:00"
"1170","783","18","2018-11-20 00:00:00","2018-11-20 00:00:00"
"1171","784","17","2018-11-20 00:00:00","2018-11-20 00:00:00"
"1172","784","18","2018-11-20 00:00:00","2018-11-20 00:00:00"
"1173","785","4","2018-11-20 00:00:00","2018-11-20 00:00:00"
"1174","785","13","2018-11-20 00:00:00","2018-11-20 00:00:00"
"1175","786","9","2018-11-20 00:00:00","2018-11-20 00:00:00"
"1176","786","13","2018-11-20 00:00:00","2018-11-20 00:00:00"
"1177","787","5","2018-11-20 00:00:00","2018-11-20 00:00:00"
"1178","787","13","2018-11-20 00:00:00","2018-11-20 00:00:00"
"1179","788","3","2018-11-20 00:00:00","2018-11-20 00:00:00"
"1180","788","13","2018-11-20 00:00:00","2018-11-20 00:00:00"
"1181","789","9","2018-11-20 00:00:00","2018-11-20 00:00:00"
"1182","790","9","2018-11-20 00:00:00","2018-11-20 00:00:00"
"1183","791","8","2018-11-20 00:00:00","2018-11-20 00:00:00"
"1184","791","9","2018-11-20 00:00:00","2018-11-20 00:00:00"
"1185","792","9","2018-11-20 00:00:00","2018-11-20 00:00:00"
"1186","792","11","2018-11-20 00:00:00","2018-11-20 00:00:00"
"1187","793","7","2018-11-20 00:00:00","2018-11-20 00:00:00"
"1188","793","10","2018-11-20 00:00:00","2018-11-20 00:00:00"
"1189","794","14","2018-11-20 00:00:00","2018-11-20 00:00:00"
"1190","794","17","2018-11-20 00:00:00","2018-11-20 00:00:00"
"1191","795","14","2018-11-20 00:00:00","2018-11-20 00:00:00"
"1192","795","17","2018-11-20 00:00:00","2018-11-20 00:00:00"
"1193","796","4","2018-11-20 00:00:00","2018-11-20 00:00:00"
"1194","797","8","2018-11-20 00:00:00","2018-11-20 00:00:00"
"1195","797","15","2018-11-20 00:00:00","2018-11-20 00:00:00"
"1196","798","5","2018-11-20 00:00:00","2018-11-20 00:00:00"
"1197","798","8","2018-11-20 00:00:00","2018-11-20 00:00:00"
"1198","799","12","2018-11-20 00:00:00","2018-11-20 00:00:00"
"1199","799","18","2018-11-20 00:00:00","2018-11-20 00:00:00"
"1200","800","9","2018-11-20 00:00:00","2018-11-20 00:00:00"
"1201","801","8","2018-11-20 00:00:00","2018-11-20 00:00:00"
"1202","801","13","2018-11-20 00:00:00","2018-11-20 00:00:00"
"1203","802","11","2018-11-20 00:00:00","2018-11-20 00:00:00"
"1204","802","17","2018-11-20 00:00:00","2018-11-20 00:00:00"
"1205","803","7","2018-11-20 00:00:00","2018-11-20 00:00:00"
"1206","804","7","2018-11-20 00:00:00","2018-11-20 00:00:00"
"1207","804","18","2018-11-20 00:00:00","2018-11-20 00:00:00"
"1208","805","8","2018-11-20 00:00:00","2018-11-20 00:00:00"
"1209","805","10","2018-11-20 00:00:00","2018-11-20 00:00:00"
"1210","806","2","2018-11-20 00:00:00","2018-11-20 00:00:00"
"1211","806","11","2018-11-20 00:00:00","2018-11-20 00:00:00"
"1212","807","4","2018-11-20 00:00:00","2018-11-20 00:00:00"
