"1","1","45","49","49","65","65","45","1881","90","17801","bulbasaur.png","2018-11-20 00:00:00","2018-11-30 12:01:29"
"2","1","60","62","63","80","80","60","1807","97","18539","ivysaur.png","2018-11-20 00:00:00","2018-11-30 12:01:29"
"3","1","80","82","83","100","100","80","1179","98","17863","venusaur.png","2018-11-20 00:00:00","2018-11-30 12:01:29"
"4","1","39","52","43","60","50","65","1648","68","15158","charmander.png","2018-11-20 00:00:00","2018-11-30 12:01:29"
"5","1","58","64","58","80","65","80","1110","73","12990","charmeleon.png","2018-11-20 00:00:00","2018-11-30 12:01:29"
"6","1","78","84","78","109","85","100","1141","67","15819","charizard.png","2018-11-20 00:00:00","2018-11-30 12:01:29"
"7","1","44","48","65","50","64","43","1255","66","12033","squirtle.png","2018-11-20 00:00:00","2018-11-30 12:01:29"
"8","1","59","63","80","65","80","58","1711","77","16265","wartortle.png","2018-11-20 00:00:00","2018-11-30 12:01:29"
"9","1","79","83","100","85","105","78","1795","55","19257","blastoise.png","2018-11-20 00:00:00","2018-11-30 12:01:29"
"10","1","45","30","35","20","20","45","1865","61","12483","caterpie.png","2018-11-20 00:00:00","2018-11-30 12:01:29"
"11","1","50","20","55","25","25","30","1190","84","15646","metapod.png","2018-11-20 00:00:00","2018-11-30 12:01:29"
"12","1","60","45","50","90","80","70","1455","94","15544","butterfree.png","2018-11-20 00:00:00","2018-11-30 12:01:29"
"13","1","40","35","30","20","20","50","1684","63","13513","weedle.png","2018-11-20 00:00:00","2018-11-30 12:01:29"
"14","1","45","25","50","25","25","35","1955","88","11206","kakuna.png","2018-11-20 00:00:00","2018-11-30 12:01:29"
"15","1","65","90","40","45","80","75","1019","69","19533","beedrill.png","2018-11-20 00:00:00","2018-11-30 12:01:29"
"16","1","40","45","40","35","35","56","1003","66","15593","pidgey.png","2018-11-20 00:00:00","2018-11-30 12:01:29"
"17","1","63","60","55","50","50","71","1535","57","17061","pidgeotto.png","2018-11-20 00:00:00","2018-11-30 12:01:29"
"18","1","83","80","75","70","70","101","1053","87","17654","pidgeot.png","2018-11-20 00:00:00","2018-11-30 12:01:29"
"19","1","30","56","35","25","35","72","1152","51","14048","rattata.png","2018-11-20 00:00:00","2018-11-30 12:01:29"
"20","1","55","81","60","50","70","97","1994","81","18245","raticate.png","2018-11-20 00:00:00","2018-11-30 12:01:29"
"21","1","40","60","30","31","31","70","1666","90","15478","spearow.png","2018-11-20 00:00:00","2018-11-30 12:01:29"
"22","1","65","90","65","61","61","100","1494","81","12491","fearow.png","2018-11-20 00:00:00","2018-11-30 12:01:29"
"23","1","35","60","44","40","54","55","1833","95","17057","ekans.png","2018-11-20 00:00:00","2018-11-30 12:01:29"
"24","1","60","95","69","65","79","80","1898","99","15912","arbok.png","2018-11-20 00:00:00","2018-11-30 12:01:29"
"25","1","35","55","40","50","50","90","1141","66","13580","pikachu.png","2018-11-20 00:00:00","2018-11-30 12:01:29"
"26","1","60","90","55","90","80","110","1077","53","17116","raichu.png","2018-11-20 00:00:00","2018-11-30 12:01:29"
"27","1","50","75","85","20","30","40","1892","78","19177","sandshrew.png","2018-11-20 00:00:00","2018-11-30 12:01:29"
"28","1","75","100","110","45","55","65","1724","87","10284","sandslash.png","2018-11-20 00:00:00","2018-11-30 12:01:29"
"29","1","55","47","52","40","40","41","1528","79","15506","nidoran-f.png","2018-11-20 00:00:00","2018-11-30 12:01:29"
"30","1","70","62","67","55","55","56","1133","99","14867","nidorina.png","2018-11-20 00:00:00","2018-11-30 12:01:29"
"31","1","90","92","87","75","85","76","1321","92","14609","nidoqueen.png","2018-11-20 00:00:00","2018-11-30 12:01:29"
"32","1","46","57","40","40","40","50","1327","78","18546","nidoran-m.png","2018-11-20 00:00:00","2018-11-30 12:01:29"
"33","1","61","72","57","55","55","65","1879","87","19285","nidorino.png","2018-11-20 00:00:00","2018-11-30 12:01:29"
"34","1","81","102","77","85","75","85","1410","83","19442","nidoking.png","2018-11-20 00:00:00","2018-11-30 12:01:29"
"35","1","70","45","48","60","65","35","1245","73","15700","clefairy.png","2018-11-20 00:00:00","2018-11-30 12:01:29"
"36","1","95","70","73","95","90","60","1662","54","16646","clefable.png","2018-11-20 00:00:00","2018-11-30 12:01:29"
"37","1","38","41","40","50","65","65","1435","84","12189","vulpix.png","2018-11-20 00:00:00","2018-11-30 12:01:29"
"38","1","73","76","75","81","100","100","1139","81","17603","ninetales.png","2018-11-20 00:00:00","2018-11-30 12:01:29"
"39","1","115","45","20","45","25","20","1464","67","13172","jigglypuff.png","2018-11-20 00:00:00","2018-11-30 12:01:29"
"40","1","140","70","45","85","50","45","1581","89","16510","wigglytuff.png","2018-11-20 00:00:00","2018-11-30 12:01:29"
"41","1","40","45","35","30","40","55","1389","97","14915","zubat.png","2018-11-20 00:00:00","2018-11-30 12:01:29"
"42","1","75","80","70","65","75","90","1493","56","10952","golbat.png","2018-11-20 00:00:00","2018-11-30 12:01:29"
"43","1","45","50","55","75","65","30","1473","51","18269","oddish.png","2018-11-20 00:00:00","2018-11-30 12:01:29"
"44","1","60","65","70","85","75","40","1204","78","11391","gloom.png","2018-11-20 00:00:00","2018-11-30 12:01:29"
"45","1","75","80","85","110","90","50","1015","60","16463","vileplume.png","2018-11-20 00:00:00","2018-11-30 12:01:29"
"46","1","35","70","55","45","55","25","1287","76","14105","paras.png","2018-11-20 00:00:00","2018-11-30 12:01:29"
"47","1","60","95","80","60","80","30","1169","74","15648","parasect.png","2018-11-20 00:00:00","2018-11-30 12:01:29"
"48","1","60","55","50","40","55","45","1152","83","10068","venonat.png","2018-11-20 00:00:00","2018-11-30 12:01:29"
"49","1","70","65","60","90","75","90","1681","97","17280","venomoth.png","2018-11-20 00:00:00","2018-11-30 12:01:29"
"50","1","10","55","25","35","45","95","1441","78","11849","diglett.png","2018-11-20 00:00:00","2018-11-30 12:01:29"
"51","1","35","100","50","50","70","120","1092","61","10485","dugtrio.png","2018-11-20 00:00:00","2018-11-30 12:01:29"
"52","1","40","45","35","40","40","90","1386","67","14930","meowth.png","2018-11-20 00:00:00","2018-11-30 12:01:29"
"53","1","65","70","60","65","65","115","1536","78","16281","persian.png","2018-11-20 00:00:00","2018-11-30 12:01:29"
"54","1","50","52","48","65","50","55","1572","74","14155","psyduck.png","2018-11-20 00:00:00","2018-11-30 12:01:29"
"55","1","80","82","78","95","80","85","1524","61","16028","golduck.png","2018-11-20 00:00:00","2018-11-30 12:01:29"
"56","1","40","80","35","35","45","70","1802","84","10637","mankey.png","2018-11-20 00:00:00","2018-11-30 12:01:29"
"57","1","65","105","60","60","70","95","1217","75","19695","primeape.png","2018-11-20 00:00:00","2018-11-30 12:01:29"
"58","1","55","70","45","70","50","60","1325","83","19227","growlithe.png","2018-11-20 00:00:00","2018-11-30 12:01:29"
"59","1","90","110","80","100","80","95","1250","99","12226","arcanine.png","2018-11-20 00:00:00","2018-11-30 12:01:29"
"60","1","40","50","40","40","40","90","1211","80","10324","poliwag.png","2018-11-20 00:00:00","2018-11-30 12:01:29"
"61","1","65","65","65","50","50","90","1622","78","11828","poliwhirl.png","2018-11-20 00:00:00","2018-11-30 12:01:29"
"62","1","90","95","95","70","90","70","1792","68","13881","poliwrath.png","2018-11-20 00:00:00","2018-11-30 12:01:29"
"63","1","25","20","15","105","55","90","1838","71","10016","abra.png","2018-11-20 00:00:00","2018-11-30 12:01:29"
"64","1","40","35","30","120","70","105","1504","52","11801","kadabra.png","2018-11-20 00:00:00","2018-11-30 12:01:29"
"65","1","55","50","45","135","95","120","1707","88","12367","alakazam.png","2018-11-20 00:00:00","2018-11-30 12:01:29"
"66","1","70","80","50","35","35","35","1109","71","13766","machop.png","2018-11-20 00:00:00","2018-11-30 12:01:29"
"67","1","80","100","70","50","60","45","1500","69","13771","machoke.png","2018-11-20 00:00:00","2018-11-30 12:01:29"
"68","1","90","130","80","65","85","55","1478","66","18170","machamp.png","2018-11-20 00:00:00","2018-11-30 12:01:29"
"69","1","50","75","35","70","30","40","1285","97","13082","bellsprout.png","2018-11-20 00:00:00","2018-11-30 12:01:29"
"70","1","65","90","50","85","45","55","1066","89","11502","weepinbell.png","2018-11-20 00:00:00","2018-11-30 12:01:29"
"71","1","80","105","65","100","70","70","1950","73","19948","victreebel.png","2018-11-20 00:00:00","2018-11-30 12:01:29"
"72","1","40","40","35","50","100","70","1539","61","14565","tentacool.png","2018-11-20 00:00:00","2018-11-30 12:01:29"
"73","1","80","70","65","80","120","100","1934","50","13811","tentacruel.png","2018-11-20 00:00:00","2018-11-30 12:01:29"
"74","1","40","80","100","30","30","20","1626","85","18496","geodude.png","2018-11-20 00:00:00","2018-11-30 12:01:29"
"75","1","55","95","115","45","45","35","1173","58","18841","graveler.png","2018-11-20 00:00:00","2018-11-30 12:01:29"
"76","1","80","120","130","55","65","45","1325","95","13334","golem.png","2018-11-20 00:00:00","2018-11-30 12:01:29"
"77","1","50","85","55","65","65","90","1874","75","13011","ponyta.png","2018-11-20 00:00:00","2018-11-30 12:01:29"
"78","1","65","100","70","80","80","105","1670","97","17898","rapidash.png","2018-11-20 00:00:00","2018-11-30 12:01:29"
"79","1","90","65","65","40","40","15","1486","94","11779","slowpoke.png","2018-11-20 00:00:00","2018-11-30 12:01:29"
"80","1","95","75","110","100","80","30","1533","88","16613","slowbro.png","2018-11-20 00:00:00","2018-11-30 12:01:29"
"81","1","25","35","70","95","55","45","1275","68","12751","magnemite.png","2018-11-20 00:00:00","2018-11-30 12:01:29"
"82","1","50","60","95","120","70","70","1922","81","17559","magneton.png","2018-11-20 00:00:00","2018-11-30 12:01:29"
"83","1","52","90","55","58","62","60","1706","81","16352","farfetchd.png","2018-11-20 00:00:00","2018-11-30 12:01:29"
"84","1","35","85","45","35","35","75","1175","96","19640","doduo.png","2018-11-20 00:00:00","2018-11-30 12:01:29"
"85","1","60","110","70","60","60","110","1659","98","19632","dodrio.png","2018-11-20 00:00:00","2018-11-30 12:01:29"
"86","1","65","45","55","45","70","45","1393","62","15141","seel.png","2018-11-20 00:00:00","2018-11-30 12:01:29"
"87","1","90","70","80","70","95","70","1201","95","11044","dewgong.png","2018-11-20 00:00:00","2018-11-30 12:01:29"
"88","1","80","80","50","40","50","25","1173","68","19491","grimer.png","2018-11-20 00:00:00","2018-11-30 12:01:29"
"89","1","105","105","75","65","100","50","1599","76","12322","muk.png","2018-11-20 00:00:00","2018-11-30 12:01:29"
"90","1","30","65","100","45","25","40","1280","51","13664","shellder.png","2018-11-20 00:00:00","2018-11-30 12:01:29"
"91","1","50","95","180","85","45","70","1888","60","17189","cloyster.png","2018-11-20 00:00:00","2018-11-30 12:01:29"
"92","1","30","35","30","100","35","80","1741","57","15230","gastly.png","2018-11-20 00:00:00","2018-11-30 12:01:29"
"93","1","45","50","45","115","55","95","1421","68","19174","haunter.png","2018-11-20 00:00:00","2018-11-30 12:01:29"
"94","1","60","65","60","130","75","110","1005","68","14335","gengar.png","2018-11-20 00:00:00","2018-11-30 12:01:29"
"95","1","35","45","160","30","45","70","1276","56","18572","onix.png","2018-11-20 00:00:00","2018-11-30 12:01:29"
"96","1","60","48","45","43","90","42","1432","79","18223","drowzee.png","2018-11-20 00:00:00","2018-11-30 12:01:29"
"97","1","85","73","70","73","115","67","1976","66","17611","hypno.png","2018-11-20 00:00:00","2018-11-30 12:01:29"
"98","1","30","105","90","25","25","50","1698","93","11030","krabby.png","2018-11-20 00:00:00","2018-11-30 12:01:29"
"99","1","55","130","115","50","50","75","1550","86","17058","kingler.png","2018-11-20 00:00:00","2018-11-30 12:01:29"
"100","1","40","30","50","55","55","100","1415","75","19608","voltorb.png","2018-11-20 00:00:00","2018-11-30 12:01:29"
"101","1","60","50","70","80","80","150","1669","67","19582","electrode.png","2018-11-20 00:00:00","2018-11-30 12:01:29"
"102","1","60","40","80","60","45","40","1103","52","12219","exeggcute.png","2018-11-20 00:00:00","2018-11-30 12:01:29"
"103","1","95","95","85","125","75","55","1202","56","12663","exeggutor.png","2018-11-20 00:00:00","2018-11-30 12:01:29"
"104","1","50","50","95","40","50","35","1748","64","14093","cubone.png","2018-11-20 00:00:00","2018-11-30 12:01:29"
"105","1","60","80","110","50","80","45","1547","78","16495","marowak.png","2018-11-20 00:00:00","2018-11-30 12:01:29"
"106","1","50","120","53","35","110","87","1824","65","10765","hitmonlee.png","2018-11-20 00:00:00","2018-11-30 12:01:29"
"107","1","50","105","79","35","110","76","1305","59","17569","hitmonchan.png","2018-11-20 00:00:00","2018-11-30 12:01:29"
"108","1","90","55","75","60","75","30","1989","76","11476","lickitung.png","2018-11-20 00:00:00","2018-11-30 12:01:29"
"109","1","40","65","95","60","45","35","1856","60","17915","koffing.png","2018-11-20 00:00:00","2018-11-30 12:01:29"
"110","1","65","90","120","85","70","60","1226","94","11475","weezing.png","2018-11-20 00:00:00","2018-11-30 12:01:29"
"111","1","80","85","95","30","30","25","1326","64","11868","rhyhorn.png","2018-11-20 00:00:00","2018-11-30 12:01:29"
"112","1","105","130","120","45","45","40","1550","99","11299","rhydon.png","2018-11-20 00:00:00","2018-11-30 12:01:29"
"113","1","250","5","5","35","105","50","1065","72","13530","chansey.png","2018-11-20 00:00:00","2018-11-30 12:01:29"
"114","1","65","55","115","100","40","60","1110","55","16355","tangela.png","2018-11-20 00:00:00","2018-11-30 12:01:29"
"115","1","105","95","80","40","80","90","1594","98","13791","kangaskhan.png","2018-11-20 00:00:00","2018-11-30 12:01:29"
"116","1","30","40","70","70","25","60","1596","54","10577","horsea.png","2018-11-20 00:00:00","2018-11-30 12:01:29"
"117","1","55","65","95","95","45","85","1181","91","12399","seadra.png","2018-11-20 00:00:00","2018-11-30 12:01:29"
"118","1","45","67","60","35","50","63","1649","54","10725","goldeen.png","2018-11-20 00:00:00","2018-11-30 12:01:29"
"119","1","80","92","65","65","80","68","1821","61","11590","seaking.png","2018-11-20 00:00:00","2018-11-30 12:01:29"
"120","1","30","45","55","70","55","85","1467","80","16860","staryu.png","2018-11-20 00:00:00","2018-11-30 12:01:29"
"121","1","60","75","85","100","85","115","1887","56","19836","starmie.png","2018-11-20 00:00:00","2018-11-30 12:01:29"
"122","1","40","45","65","100","120","90","1748","87","15298","mr-mime.png","2018-11-20 00:00:00","2018-11-30 12:01:29"
"123","1","70","110","80","55","80","105","1471","85","14024","scyther.png","2018-11-20 00:00:00","2018-11-30 12:01:29"
"124","1","65","50","35","115","95","95","1374","66","15983","jynx.png","2018-11-20 00:00:00","2018-11-30 12:01:29"
"125","1","65","83","57","95","85","105","1434","91","12560","electabuzz.png","2018-11-20 00:00:00","2018-11-30 12:01:29"
"126","1","65","95","57","100","85","93","1616","56","15944","magmar.png","2018-11-20 00:00:00","2018-11-30 12:01:29"
"127","1","65","125","100","55","70","85","1901","52","10230","pinsir.png","2018-11-20 00:00:00","2018-11-30 12:01:29"
"128","1","75","100","95","40","70","110","1938","55","14192","tauros.png","2018-11-20 00:00:00","2018-11-30 12:01:29"
"129","1","20","10","55","15","20","80","1081","78","19522","magikarp.png","2018-11-20 00:00:00","2018-11-30 12:01:29"
"130","1","95","125","79","60","100","81","1261","76","12804","gyarados.png","2018-11-20 00:00:00","2018-11-30 12:01:29"
"131","1","130","85","80","85","95","60","1198","65","10883","lapras.png","2018-11-20 00:00:00","2018-11-30 12:01:29"
"132","1","48","48","48","48","48","48","1973","70","16875","ditto.png","2018-11-20 00:00:00","2018-11-30 12:01:29"
"133","1","55","55","50","45","65","55","1028","86","13641","eevee.png","2018-11-20 00:00:00","2018-11-30 12:01:29"
"134","1","130","65","60","110","95","65","1005","53","11848","vaporeon.png","2018-11-20 00:00:00","2018-11-30 12:01:29"
"135","1","65","65","60","110","95","130","1152","67","10052","jolteon.png","2018-11-20 00:00:00","2018-11-30 12:01:29"
"136","1","65","130","60","95","110","65","1095","65","16611","flareon.png","2018-11-20 00:00:00","2018-11-30 12:01:29"
"137","1","65","60","70","85","75","40","1884","62","11362","porygon.png","2018-11-20 00:00:00","2018-11-30 12:01:29"
"138","1","35","40","100","90","55","35","1645","87","11533","omanyte.png","2018-11-20 00:00:00","2018-11-30 12:01:29"
"139","1","70","60","125","115","70","55","1603","52","13057","omastar.png","2018-11-20 00:00:00","2018-11-30 12:01:29"
"140","1","30","80","90","55","45","55","1725","59","12754","kabuto.png","2018-11-20 00:00:00","2018-11-30 12:01:29"
"141","1","60","115","105","65","70","80","1915","66","13785","kabutops.png","2018-11-20 00:00:00","2018-11-30 12:01:29"
"142","1","80","105","65","60","75","130","1869","84","18948","aerodactyl.png","2018-11-20 00:00:00","2018-11-30 12:01:29"
"143","1","160","110","65","65","110","30","1810","67","10676","snorlax.png","2018-11-20 00:00:00","2018-11-30 12:01:29"
"144","1","90","85","100","95","125","85","1470","93","18160","articuno.png","2018-11-20 00:00:00","2018-11-30 12:01:29"
"145","1","90","90","85","125","90","100","1465","70","11232","zapdos.png","2018-11-20 00:00:00","2018-11-30 12:01:29"
"146","1","90","100","90","125","85","90","1154","86","10460","moltres.png","2018-11-20 00:00:00","2018-11-30 12:01:29"
"147","1","41","64","45","50","50","50","1068","70","14237","dratini.png","2018-11-20 00:00:00","2018-11-30 12:01:29"
"148","1","61","84","65","70","70","70","1136","51","17625","dragonair.png","2018-11-20 00:00:00","2018-11-30 12:01:29"
"149","1","91","134","95","100","100","80","1994","72","15615","dragonite.png","2018-11-20 00:00:00","2018-11-30 12:01:29"
"150","1","106","110","90","154","90","130","1344","99","12067","mewtwo.png","2018-11-20 00:00:00","2018-11-30 12:01:29"
"151","1","100","100","100","100","100","100","1886","58","12316","mew.png","2018-11-20 00:00:00","2018-11-30 12:01:29"
"152","1","45","49","65","49","65","45","1215","62","16273","chikorita.png","2018-11-20 00:00:00","2018-11-30 12:01:29"
"153","1","60","62","80","63","80","60","1860","98","10193","bayleef.png","2018-11-20 00:00:00","2018-11-30 12:01:29"
"154","1","80","82","100","83","100","80","1398","70","12158","meganium.png","2018-11-20 00:00:00","2018-11-30 12:01:29"
"155","1","39","52","43","60","50","65","1725","95","18649","cyndaquil.png","2018-11-20 00:00:00","2018-11-30 12:01:29"
"156","1","58","64","58","80","65","80","1497","76","10214","quilava.png","2018-11-20 00:00:00","2018-11-30 12:01:29"
"157","1","78","84","78","109","85","100","1005","57","10354","typhlosion.png","2018-11-20 00:00:00","2018-11-30 12:01:29"
"158","1","50","65","64","44","48","43","1134","73","10927","totodile.png","2018-11-20 00:00:00","2018-11-30 12:01:29"
"159","1","65","80","80","59","63","58","1352","87","19019","croconaw.png","2018-11-20 00:00:00","2018-11-30 12:01:29"
"160","1","85","105","100","79","83","78","1260","98","11180","feraligatr.png","2018-11-20 00:00:00","2018-11-30 12:01:29"
"161","1","35","46","34","35","45","20","1769","70","13875","sentret.png","2018-11-20 00:00:00","2018-11-30 12:01:29"
"162","1","85","76","64","45","55","90","1282","53","13773","furret.png","2018-11-20 00:00:00","2018-11-30 12:01:29"
"163","1","60","30","30","36","56","50","1605","63","10254","hoothoot.png","2018-11-20 00:00:00","2018-11-30 12:01:29"
"164","1","100","50","50","86","96","70","1578","72","14632","noctowl.png","2018-11-20 00:00:00","2018-11-30 12:01:29"
"165","1","40","20","30","40","80","55","1908","76","10258","ledyba.png","2018-11-20 00:00:00","2018-11-30 12:01:29"
"166","1","55","35","50","55","110","85","1267","82","11277","ledian.png","2018-11-20 00:00:00","2018-11-30 12:01:29"
"167","1","40","60","40","40","40","30","1930","64","19060","spinarak.png","2018-11-20 00:00:00","2018-11-30 12:01:29"
"168","1","70","90","70","60","70","40","1514","75","16022","ariados.png","2018-11-20 00:00:00","2018-11-30 12:01:29"
"169","1","85","90","80","70","80","130","1855","56","13777","crobat.png","2018-11-20 00:00:00","2018-11-30 12:01:29"
"170","1","75","38","38","56","56","67","1490","78","17881","chinchou.png","2018-11-20 00:00:00","2018-11-30 12:01:29"
"171","1","125","58","58","76","76","67","1702","89","19151","lanturn.png","2018-11-20 00:00:00","2018-11-30 12:01:29"
"172","1","20","40","15","35","35","60","1587","71","13594","pichu.png","2018-11-20 00:00:00","2018-11-30 12:01:29"
"173","1","50","25","28","45","55","15","1414","60","15100","cleffa.png","2018-11-20 00:00:00","2018-11-30 12:01:29"
"174","1","90","30","15","40","20","15","1280","72","17386","igglybuff.png","2018-11-20 00:00:00","2018-11-30 12:01:29"
"175","1","35","20","65","40","65","20","1249","64","13843","togepi.png","2018-11-20 00:00:00","2018-11-30 12:01:29"
"176","1","55","40","85","80","105","40","1325","50","18495","togetic.png","2018-11-20 00:00:00","2018-11-30 12:01:29"
"177","1","40","50","45","70","45","70","1158","87","15340","natu.png","2018-11-20 00:00:00","2018-11-30 12:01:29"
"178","1","65","75","70","95","70","95","1086","87","14262","xatu.png","2018-11-20 00:00:00","2018-11-30 12:01:29"
"179","1","55","40","40","65","45","35","1704","62","16780","mareep.png","2018-11-20 00:00:00","2018-11-30 12:01:29"
"180","1","70","55","55","80","60","45","1581","95","16991","flaaffy.png","2018-11-20 00:00:00","2018-11-30 12:01:29"
"181","1","90","75","85","115","90","55","1370","67","14216","ampharos.png","2018-11-20 00:00:00","2018-11-30 12:01:29"
"182","1","75","80","95","90","100","50","1099","50","14328","bellossom.png","2018-11-20 00:00:00","2018-11-30 12:01:29"
"183","1","70","20","50","20","50","40","1882","64","13041","marill.png","2018-11-20 00:00:00","2018-11-30 12:01:29"
"184","1","100","50","80","60","80","50","1038","77","11110","azumarill.png","2018-11-20 00:00:00","2018-11-30 12:01:29"
"185","1","70","100","115","30","65","30","1518","83","19214","sudowoodo.png","2018-11-20 00:00:00","2018-11-30 12:01:29"
"186","1","90","75","75","90","100","70","1180","77","15172","politoed.png","2018-11-20 00:00:00","2018-11-30 12:01:29"
"187","1","35","35","40","35","55","50","1772","65","15209","hoppip.png","2018-11-20 00:00:00","2018-11-30 12:01:29"
"188","1","55","45","50","45","65","80","1418","95","15003","skiploom.png","2018-11-20 00:00:00","2018-11-30 12:01:29"
"189","1","75","55","70","55","95","110","1980","67","16748","jumpluff.png","2018-11-20 00:00:00","2018-11-30 12:01:29"
"190","1","55","70","55","40","55","85","1087","94","12973","aipom.png","2018-11-20 00:00:00","2018-11-30 12:01:29"
"191","1","30","30","30","30","30","30","1403","63","12732","sunkern.png","2018-11-20 00:00:00","2018-11-30 12:01:29"
"192","1","75","75","55","105","85","30","1944","55","17742","sunflora.png","2018-11-20 00:00:00","2018-11-30 12:01:29"
"193","1","65","65","45","75","45","95","1384","80","19130","yanma.png","2018-11-20 00:00:00","2018-11-30 12:01:29"
"194","1","55","45","45","25","25","15","1471","63","14838","wooper.png","2018-11-20 00:00:00","2018-11-30 12:01:29"
"195","1","95","85","85","65","65","35","1238","50","13041","quagsire.png","2018-11-20 00:00:00","2018-11-30 12:01:29"
"196","1","65","65","60","130","95","110","1685","58","19703","espeon.png","2018-11-20 00:00:00","2018-11-30 12:01:29"
"197","1","95","65","110","60","130","65","1825","57","16826","umbreon.png","2018-11-20 00:00:00","2018-11-30 12:01:29"
"198","1","60","85","42","85","42","91","1935","65","19703","murkrow.png","2018-11-20 00:00:00","2018-11-30 12:01:29"
"199","1","95","75","80","100","110","30","1237","76","10604","slowking.png","2018-11-20 00:00:00","2018-11-30 12:01:29"
"200","1","60","60","60","85","85","85","1636","99","13776","misdreavus.png","2018-11-20 00:00:00","2018-11-30 12:01:29"
"201","1","48","72","48","72","48","48","1511","73","18029","unown.png","2018-11-20 00:00:00","2018-11-30 12:01:29"
"202","1","190","33","58","33","58","33","1894","99","19045","wobbuffet.png","2018-11-20 00:00:00","2018-11-30 12:01:29"
"203","1","70","80","65","90","65","85","1335","84","15071","girafarig.png","2018-11-20 00:00:00","2018-11-30 12:01:29"
"204","1","50","65","90","35","35","15","1321","80","17111","pineco.png","2018-11-20 00:00:00","2018-11-30 12:01:29"
"205","1","75","90","140","60","60","40","1213","55","13793","forretress.png","2018-11-20 00:00:00","2018-11-30 12:01:29"
"206","1","100","70","70","65","65","45","1000","96","16973","dunsparce.png","2018-11-20 00:00:00","2018-11-30 12:01:29"
"207","1","65","75","105","35","65","85","1876","78","13651","gligar.png","2018-11-20 00:00:00","2018-11-30 12:01:29"
"208","1","75","85","200","55","65","30","1458","82","19794","steelix.png","2018-11-20 00:00:00","2018-11-30 12:01:29"
"209","1","60","80","50","40","40","30","1753","85","10861","snubbull.png","2018-11-20 00:00:00","2018-11-30 12:01:29"
"210","1","90","120","75","60","60","45","1630","78","14249","granbull.png","2018-11-20 00:00:00","2018-11-30 12:01:29"
"211","1","65","95","85","55","55","85","1020","76","19472","qwilfish.png","2018-11-20 00:00:00","2018-11-30 12:01:29"
"212","1","70","130","100","55","80","65","1926","81","15572","scizor.png","2018-11-20 00:00:00","2018-11-30 12:01:29"
"213","1","20","10","230","10","230","5","1435","64","11202","shuckle.png","2018-11-20 00:00:00","2018-11-30 12:01:29"
"214","1","80","125","75","40","95","85","1748","81","19265","heracross.png","2018-11-20 00:00:00","2018-11-30 12:01:29"
"215","1","55","95","55","35","75","115","1278","96","18395","sneasel.png","2018-11-20 00:00:00","2018-11-30 12:01:29"
"216","1","60","80","50","50","50","40","1226","51","19873","teddiursa.png","2018-11-20 00:00:00","2018-11-30 12:01:29"
"217","1","90","130","75","75","75","55","1610","74","18088","ursaring.png","2018-11-20 00:00:00","2018-11-30 12:01:29"
"218","1","40","40","40","70","40","20","1114","94","19034","slugma.png","2018-11-20 00:00:00","2018-11-30 12:01:29"
"219","1","60","50","120","90","80","30","1002","67","14341","magcargo.png","2018-11-20 00:00:00","2018-11-30 12:01:29"
"220","1","50","50","40","30","30","50","1443","99","11533","swinub.png","2018-11-20 00:00:00","2018-11-30 12:01:29"
"221","1","100","100","80","60","60","50","1739","77","17051","piloswine.png","2018-11-20 00:00:00","2018-11-30 12:01:29"
"222","1","65","55","95","65","95","35","1926","50","12230","corsola.png","2018-11-20 00:00:00","2018-11-30 12:01:29"
"223","1","35","65","35","65","35","65","1682","65","11043","remoraid.png","2018-11-20 00:00:00","2018-11-30 12:01:29"
"224","1","75","105","75","105","75","45","1117","65","15418","octillery.png","2018-11-20 00:00:00","2018-11-30 12:01:29"
"225","1","45","55","45","65","45","75","1427","57","11213","delibird.png","2018-11-20 00:00:00","2018-11-30 12:01:29"
"226","1","85","40","70","80","140","70","1740","68","18573","mantine.png","2018-11-20 00:00:00","2018-11-30 12:01:29"
"227","1","65","80","140","40","70","70","1176","93","10729","skarmory.png","2018-11-20 00:00:00","2018-11-30 12:01:29"
"228","1","45","60","30","80","50","65","1740","81","13293","houndour.png","2018-11-20 00:00:00","2018-11-30 12:01:29"
"229","1","75","90","50","110","80","95","1823","90","13150","houndoom.png","2018-11-20 00:00:00","2018-11-30 12:01:29"
"230","1","75","95","95","95","95","85","1293","77","19627","kingdra.png","2018-11-20 00:00:00","2018-11-30 12:01:29"
"231","1","90","60","60","40","40","40","1015","79","12756","phanpy.png","2018-11-20 00:00:00","2018-11-30 12:01:29"
"232","1","90","120","120","60","60","50","1984","59","18231","donphan.png","2018-11-20 00:00:00","2018-11-30 12:01:29"
"233","1","85","80","90","105","95","60","1969","56","10940","porygon2.png","2018-11-20 00:00:00","2018-11-30 12:01:29"
"234","1","73","95","62","85","65","85","1120","64","18615","stantler.png","2018-11-20 00:00:00","2018-11-30 12:01:29"
"235","1","55","20","35","20","45","75","1840","66","18939","smeargle.png","2018-11-20 00:00:00","2018-11-30 12:01:29"
"236","1","35","35","35","35","35","35","1746","62","12042","tyrogue.png","2018-11-20 00:00:00","2018-11-30 12:01:29"
"237","1","50","95","95","35","110","70","1164","58","11699","hitmontop.png","2018-11-20 00:00:00","2018-11-30 12:01:29"
"238","1","45","30","15","85","65","65","1583","54","10055","smoochum.png","2018-11-20 00:00:00","2018-11-30 12:01:29"
"239","1","45","63","37","65","55","95","1269","95","13885","elekid.png","2018-11-20 00:00:00","2018-11-30 12:01:29"
"240","1","45","75","37","70","55","83","1499","84","16793","magby.png","2018-11-20 00:00:00","2018-11-30 12:01:29"
"241","1","95","80","105","40","70","100","1959","50","16583","miltank.png","2018-11-20 00:00:00","2018-11-30 12:01:29"
"242","1","255","10","10","75","135","55","1698","80","10452","blissey.png","2018-11-20 00:00:00","2018-11-30 12:01:29"
"243","1","90","85","75","115","100","115","1051","95","17849","raikou.png","2018-11-20 00:00:00","2018-11-30 12:01:29"
"244","1","115","115","85","90","75","100","1413","71","15130","entei.png","2018-11-20 00:00:00","2018-11-30 12:01:29"
"245","1","100","75","115","90","115","85","1506","83","11701","suicune.png","2018-11-20 00:00:00","2018-11-30 12:01:29"
"246","1","50","64","50","45","50","41","1112","92","15469","larvitar.png","2018-11-20 00:00:00","2018-11-30 12:01:29"
"247","1","70","84","70","65","70","51","1805","59","13583","pupitar.png","2018-11-20 00:00:00","2018-11-30 12:01:29"
"248","1","100","134","110","95","100","61","1141","64","17034","tyranitar.png","2018-11-20 00:00:00","2018-11-30 12:01:29"
"249","1","106","90","130","90","154","110","1766","89","11942","lugia.png","2018-11-20 00:00:00","2018-11-30 12:01:29"
"250","1","106","130","90","110","154","90","1287","95","15519","ho-oh.png","2018-11-20 00:00:00","2018-11-30 12:01:29"
"251","1","100","100","100","100","100","100","1527","90","18487","celebi.png","2018-11-20 00:00:00","2018-11-30 12:01:29"
"252","1","40","45","35","65","55","70","1448","53","13302","treecko.png","2018-11-20 00:00:00","2018-11-30 12:01:29"
"253","1","50","65","45","85","65","95","1575","75","11542","grovyle.png","2018-11-20 00:00:00","2018-11-30 12:01:29"
"254","1","70","85","65","105","85","120","1845","62","11082","sceptile.png","2018-11-20 00:00:00","2018-11-30 12:01:29"
"255","1","45","60","40","70","50","45","1911","71","18971","torchic.png","2018-11-20 00:00:00","2018-11-30 12:01:29"
"256","1","60","85","60","85","60","55","1116","63","15959","combusken.png","2018-11-20 00:00:00","2018-11-30 12:01:29"
"257","1","80","120","70","110","70","80","1002","72","18310","blaziken.png","2018-11-20 00:00:00","2018-11-30 12:01:29"
"258","1","50","70","50","50","50","40","1769","68","15441","mudkip.png","2018-11-20 00:00:00","2018-11-30 12:01:29"
"259","1","70","85","70","60","70","50","1717","52","19550","marshtomp.png","2018-11-20 00:00:00","2018-11-30 12:01:29"
"260","1","100","110","90","85","90","60","1360","65","11883","swampert.png","2018-11-20 00:00:00","2018-11-30 12:01:29"
"261","1","35","55","35","30","30","35","1760","71","11504","poochyena.png","2018-11-20 00:00:00","2018-11-30 12:01:29"
"262","1","70","90","70","60","60","70","1560","88","19822","mightyena.png","2018-11-20 00:00:00","2018-11-30 12:01:29"
"263","1","38","30","41","30","41","60","1840","63","19055","zigzagoon.png","2018-11-20 00:00:00","2018-11-30 12:01:29"
"264","1","78","70","61","50","61","100","1837","62","11008","linoone.png","2018-11-20 00:00:00","2018-11-30 12:01:29"
"265","1","45","45","35","20","30","20","1978","66","13644","wurmple.png","2018-11-20 00:00:00","2018-11-30 12:01:29"
"266","1","50","35","55","25","25","15","1604","76","11466","silcoon.png","2018-11-20 00:00:00","2018-11-30 12:01:29"
"267","1","60","70","50","100","50","65","1718","84","18371","beautifly.png","2018-11-20 00:00:00","2018-11-30 12:01:29"
"268","1","50","35","55","25","25","15","1988","52","11701","cascoon.png","2018-11-20 00:00:00","2018-11-30 12:01:29"
"269","1","60","50","70","50","90","65","1581","60","12731","dustox.png","2018-11-20 00:00:00","2018-11-30 12:01:29"
"270","1","40","30","30","40","50","30","1161","72","19350","lotad.png","2018-11-20 00:00:00","2018-11-30 12:01:29"
"271","1","60","50","50","60","70","50","1006","74","18420","lombre.png","2018-11-20 00:00:00","2018-11-30 12:01:29"
"272","1","80","70","70","90","100","70","1184","57","19867","ludicolo.png","2018-11-20 00:00:00","2018-11-30 12:01:29"
"273","1","40","40","50","30","30","30","1666","61","19808","seedot.png","2018-11-20 00:00:00","2018-11-30 12:01:29"
"274","1","70","70","40","60","40","60","1289","60","13640","nuzleaf.png","2018-11-20 00:00:00","2018-11-30 12:01:29"
"275","1","90","100","60","90","60","80","1182","78","18115","shiftry.png","2018-11-20 00:00:00","2018-11-30 12:01:29"
"276","1","40","55","30","30","30","85","1868","84","19626","taillow.png","2018-11-20 00:00:00","2018-11-30 12:01:29"
"277","1","60","85","60","75","50","125","1815","65","11492","swellow.png","2018-11-20 00:00:00","2018-11-30 12:01:29"
"278","1","40","30","30","55","30","85","1677","93","13301","wingull.png","2018-11-20 00:00:00","2018-11-30 12:01:29"
"279","1","60","50","100","95","70","65","1478","63","18090","pelipper.png","2018-11-20 00:00:00","2018-11-30 12:01:29"
"280","1","28","25","25","45","35","40","1638","65","14914","ralts.png","2018-11-20 00:00:00","2018-11-30 12:01:29"
"281","1","38","35","35","65","55","50","1962","59","16395","kirlia.png","2018-11-20 00:00:00","2018-11-30 12:01:29"
"282","1","68","65","65","125","115","80","1892","79","13278","gardevoir.png","2018-11-20 00:00:00","2018-11-30 12:01:29"
"283","1","40","30","32","50","52","65","1788","51","15974","surskit.png","2018-11-20 00:00:00","2018-11-30 12:01:29"
"284","1","70","60","62","100","82","80","1420","91","18164","masquerain.png","2018-11-20 00:00:00","2018-11-30 12:01:29"
"285","1","60","40","60","40","60","35","1062","56","18291","shroomish.png","2018-11-20 00:00:00","2018-11-30 12:01:29"
"286","1","60","130","80","60","60","70","1865","59","14176","breloom.png","2018-11-20 00:00:00","2018-11-30 12:01:29"
"287","1","60","60","60","35","35","30","1020","93","18506","slakoth.png","2018-11-20 00:00:00","2018-11-30 12:01:29"
"288","1","80","80","80","55","55","90","1425","76","11459","vigoroth.png","2018-11-20 00:00:00","2018-11-30 12:01:29"
"289","1","150","160","100","95","65","100","1509","72","11727","slaking.png","2018-11-20 00:00:00","2018-11-30 12:01:29"
"290","1","31","45","90","30","30","40","1257","82","10410","nincada.png","2018-11-20 00:00:00","2018-11-30 12:01:29"
"291","1","61","90","45","50","50","160","1817","66","18601","ninjask.png","2018-11-20 00:00:00","2018-11-30 12:01:29"
"292","1","1","90","45","30","30","40","1164","84","14021","shedinja.png","2018-11-20 00:00:00","2018-11-30 12:01:29"
"293","1","64","51","23","51","23","28","1219","77","15461","whismur.png","2018-11-20 00:00:00","2018-11-30 12:01:29"
"294","1","84","71","43","71","43","48","1175","64","16747","loudred.png","2018-11-20 00:00:00","2018-11-30 12:01:29"
"295","1","104","91","63","91","73","68","1889","65","17077","exploud.png","2018-11-20 00:00:00","2018-11-30 12:01:29"
"296","1","72","60","30","20","30","25","1459","56","10692","makuhita.png","2018-11-20 00:00:00","2018-11-30 12:01:29"
"297","1","144","120","60","40","60","50","1139","96","16602","hariyama.png","2018-11-20 00:00:00","2018-11-30 12:01:29"
"298","1","50","20","40","20","40","20","1543","82","18716","azurill.png","2018-11-20 00:00:00","2018-11-30 12:01:29"
"299","1","30","45","135","45","90","30","1469","96","18702","nosepass.png","2018-11-20 00:00:00","2018-11-30 12:01:29"
"300","1","50","45","45","35","35","50","1962","87","18443","skitty.png","2018-11-20 00:00:00","2018-11-30 12:01:29"
"301","1","70","65","65","55","55","90","1795","59","19668","delcatty.png","2018-11-20 00:00:00","2018-11-30 12:01:29"
"302","1","50","75","75","65","65","50","1636","68","11750","sableye.png","2018-11-20 00:00:00","2018-11-30 12:01:29"
"303","1","50","85","85","55","55","50","1290","62","17922","mawile.png","2018-11-20 00:00:00","2018-11-30 12:01:29"
"304","1","50","70","100","40","40","30","1955","96","10514","aron.png","2018-11-20 00:00:00","2018-11-30 12:01:29"
"305","1","60","90","140","50","50","40","1183","73","11098","lairon.png","2018-11-20 00:00:00","2018-11-30 12:01:29"
"306","1","70","110","180","60","60","50","1848","58","14855","aggron.png","2018-11-20 00:00:00","2018-11-30 12:01:29"
"307","1","30","40","55","40","55","60","1669","57","16887","meditite.png","2018-11-20 00:00:00","2018-11-30 12:01:29"
"308","1","60","60","75","60","75","80","1292","74","12381","medicham.png","2018-11-20 00:00:00","2018-11-30 12:01:29"
"309","1","40","45","40","65","40","65","1203","93","19820","electrike.png","2018-11-20 00:00:00","2018-11-30 12:01:29"
"310","1","70","75","60","105","60","105","1780","63","11435","manectric.png","2018-11-20 00:00:00","2018-11-30 12:01:29"
"311","1","60","50","40","85","75","95","1237","80","17484","plusle.png","2018-11-20 00:00:00","2018-11-30 12:01:29"
"312","1","60","40","50","75","85","95","1431","61","10571","minun.png","2018-11-20 00:00:00","2018-11-30 12:01:29"
"313","1","65","73","75","47","85","85","1535","63","13154","volbeat.png","2018-11-20 00:00:00","2018-11-30 12:01:29"
"314","1","65","47","75","73","85","85","1687","59","15588","illumise.png","2018-11-20 00:00:00","2018-11-30 12:01:29"
"315","1","50","60","45","100","80","65","1520","63","12688","roselia.png","2018-11-20 00:00:00","2018-11-30 12:01:29"
"316","1","70","43","53","43","53","40","1856","53","13333","gulpin.png","2018-11-20 00:00:00","2018-11-30 12:01:29"
"317","1","100","73","83","73","83","55","1617","78","10754","swalot.png","2018-11-20 00:00:00","2018-11-30 12:01:29"
"318","1","45","90","20","65","20","65","1243","87","10746","carvanha.png","2018-11-20 00:00:00","2018-11-30 12:01:29"
"319","1","70","120","40","95","40","95","1557","68","17224","sharpedo.png","2018-11-20 00:00:00","2018-11-30 12:01:29"
"320","1","130","70","35","70","35","60","1265","74","11558","wailmer.png","2018-11-20 00:00:00","2018-11-30 12:01:29"
"321","1","170","90","45","90","45","60","1537","72","18645","wailord.png","2018-11-20 00:00:00","2018-11-30 12:01:29"
"322","1","60","60","40","65","45","35","1857","53","14756","numel.png","2018-11-20 00:00:00","2018-11-30 12:01:29"
"323","1","70","100","70","105","75","40","1639","77","18468","camerupt.png","2018-11-20 00:00:00","2018-11-30 12:01:29"
"324","1","70","85","140","85","70","20","1744","61","18228","torkoal.png","2018-11-20 00:00:00","2018-11-30 12:01:29"
"325","1","60","25","35","70","80","60","1804","68","19805","spoink.png","2018-11-20 00:00:00","2018-11-30 12:01:29"
"326","1","80","45","65","90","110","80","1046","55","17062","grumpig.png","2018-11-20 00:00:00","2018-11-30 12:01:29"
"327","1","60","60","60","60","60","60","1532","81","10048","spinda.png","2018-11-20 00:00:00","2018-11-30 12:01:29"
"328","1","45","100","45","45","45","10","1925","89","11635","trapinch.png","2018-11-20 00:00:00","2018-11-30 12:01:29"
"329","1","50","70","50","50","50","70","1387","99","10456","vibrava.png","2018-11-20 00:00:00","2018-11-30 12:01:29"
"330","1","80","100","80","80","80","100","1139","76","19091","flygon.png","2018-11-20 00:00:00","2018-11-30 12:01:29"
"331","1","50","85","40","85","40","35","1668","51","18908","cacnea.png","2018-11-20 00:00:00","2018-11-30 12:01:29"
"332","1","70","115","60","115","60","55","1040","99","12139","cacturne.png","2018-11-20 00:00:00","2018-11-30 12:01:29"
"333","1","45","40","60","40","75","50","1887","50","12958","swablu.png","2018-11-20 00:00:00","2018-11-30 12:01:29"
"334","1","75","70","90","70","105","80","1030","85","17157","altaria.png","2018-11-20 00:00:00","2018-11-30 12:01:29"
"335","1","73","115","60","60","60","90","1949","65","18559","zangoose.png","2018-11-20 00:00:00","2018-11-30 12:01:29"
"336","1","73","100","60","100","60","65","1305","95","14327","seviper.png","2018-11-20 00:00:00","2018-11-30 12:01:29"
"337","1","90","55","65","95","85","70","1221","63","18796","lunatone.png","2018-11-20 00:00:00","2018-11-30 12:01:29"
"338","1","90","95","85","55","65","70","1590","88","12528","solrock.png","2018-11-20 00:00:00","2018-11-30 12:01:29"
"339","1","50","48","43","46","41","60","1817","69","12364","barboach.png","2018-11-20 00:00:00","2018-11-30 12:01:29"
"340","1","110","78","73","76","71","60","1668","88","14578","whiscash.png","2018-11-20 00:00:00","2018-11-30 12:01:29"
"341","1","43","80","65","50","35","35","1748","71","18458","corphish.png","2018-11-20 00:00:00","2018-11-30 12:01:29"
"342","1","63","120","85","90","55","55","1234","89","11228","crawdaunt.png","2018-11-20 00:00:00","2018-11-30 12:01:29"
"343","1","40","40","55","40","70","55","1616","67","13588","baltoy.png","2018-11-20 00:00:00","2018-11-30 12:01:29"
"344","1","60","70","105","70","120","75","1388","70","12971","claydol.png","2018-11-20 00:00:00","2018-11-30 12:01:29"
"345","1","66","41","77","61","87","23","1065","75","11890","lileep.png","2018-11-20 00:00:00","2018-11-30 12:01:29"
"346","1","86","81","97","81","107","43","1253","56","18936","cradily.png","2018-11-20 00:00:00","2018-11-30 12:01:29"
"347","1","45","95","50","40","50","75","1839","77","19173","anorith.png","2018-11-20 00:00:00","2018-11-30 12:01:29"
"348","1","75","125","100","70","80","45","1051","75","13060","armaldo.png","2018-11-20 00:00:00","2018-11-30 12:01:29"
"349","1","20","15","20","10","55","80","1079","54","19894","feebas.png","2018-11-20 00:00:00","2018-11-30 12:01:29"
"350","1","95","60","79","100","125","81","1903","96","14258","milotic.png","2018-11-20 00:00:00","2018-11-30 12:01:29"
"351","1","70","70","70","70","70","70","1026","80","11016","castform.png","2018-11-20 00:00:00","2018-11-30 12:01:29"
"352","1","60","90","70","60","120","40","1942","68","16153","kecleon.png","2018-11-20 00:00:00","2018-11-30 12:01:29"
"353","1","44","75","35","63","33","45","1499","90","10938","shuppet.png","2018-11-20 00:00:00","2018-11-30 12:01:29"
"354","1","64","115","65","83","63","65","1789","54","19454","banette.png","2018-11-20 00:00:00","2018-11-30 12:01:29"
"355","1","20","40","90","30","90","25","1668","76","17179","duskull.png","2018-11-20 00:00:00","2018-11-30 12:01:29"
"356","1","40","70","130","60","130","25","1484","63","19978","dusclops.png","2018-11-20 00:00:00","2018-11-30 12:01:29"
"357","1","99","68","83","72","87","51","1418","81","18833","tropius.png","2018-11-20 00:00:00","2018-11-30 12:01:29"
"358","1","75","50","80","95","90","65","1021","71","13502","chimecho.png","2018-11-20 00:00:00","2018-11-30 12:01:29"
"359","1","65","130","60","75","60","75","1166","73","12176","absol.png","2018-11-20 00:00:00","2018-11-30 12:01:29"
"360","1","95","23","48","23","48","23","1440","90","11311","wynaut.png","2018-11-20 00:00:00","2018-11-30 12:01:29"
"361","1","50","50","50","50","50","50","1957","54","18905","snorunt.png","2018-11-20 00:00:00","2018-11-30 12:01:29"
"362","1","80","80","80","80","80","80","1957","72","11746","glalie.png","2018-11-20 00:00:00","2018-11-30 12:01:29"
"363","1","70","40","50","55","50","25","1301","95","13654","spheal.png","2018-11-20 00:00:00","2018-11-30 12:01:29"
"364","1","90","60","70","75","70","45","1412","81","16633","sealeo.png","2018-11-20 00:00:00","2018-11-30 12:01:29"
"365","1","110","80","90","95","90","65","1353","66","19150","walrein.png","2018-11-20 00:00:00","2018-11-30 12:01:29"
"366","1","35","64","85","74","55","32","1496","70","14742","clamperl.png","2018-11-20 00:00:00","2018-11-30 12:01:29"
"367","1","55","104","105","94","75","52","1329","60","19669","huntail.png","2018-11-20 00:00:00","2018-11-30 12:01:29"
"368","1","55","84","105","114","75","52","1756","74","18451","gorebyss.png","2018-11-20 00:00:00","2018-11-30 12:01:29"
"369","1","100","90","130","45","65","55","1735","53","14440","relicanth.png","2018-11-20 00:00:00","2018-11-30 12:01:29"
"370","1","43","30","55","40","65","97","1524","80","15566","luvdisc.png","2018-11-20 00:00:00","2018-11-30 12:01:29"
"371","1","45","75","60","40","30","50","1686","67","19064","bagon.png","2018-11-20 00:00:00","2018-11-30 12:01:29"
"372","1","65","95","100","60","50","50","1510","82","14031","shelgon.png","2018-11-20 00:00:00","2018-11-30 12:01:29"
"373","1","95","135","80","110","80","100","1842","88","17878","salamence.png","2018-11-20 00:00:00","2018-11-30 12:01:29"
"374","1","40","55","80","35","60","30","1145","59","15644","beldum.png","2018-11-20 00:00:00","2018-11-30 12:01:29"
"375","1","60","75","100","55","80","50","1690","86","13304","metang.png","2018-11-20 00:00:00","2018-11-30 12:01:29"
"376","1","80","135","130","95","90","70","1939","82","17811","metagross.png","2018-11-20 00:00:00","2018-11-30 12:01:29"
"377","1","80","100","200","50","100","50","1143","52","19384","regirock.png","2018-11-20 00:00:00","2018-11-30 12:01:29"
"378","1","80","50","100","100","200","50","1873","95","17050","regice.png","2018-11-20 00:00:00","2018-11-30 12:01:29"
"379","1","80","75","150","75","150","50","1783","82","16845","registeel.png","2018-11-20 00:00:00","2018-11-30 12:01:29"
"380","1","80","80","90","110","130","110","1114","93","14938","latias.png","2018-11-20 00:00:00","2018-11-30 12:01:29"
"381","1","80","90","80","130","110","110","1911","94","10047","latios.png","2018-11-20 00:00:00","2018-11-30 12:01:29"
"382","1","100","100","90","150","140","90","1579","83","13962","kyogre.png","2018-11-20 00:00:00","2018-11-30 12:01:29"
"383","1","100","150","140","100","90","90","1059","86","13452","groudon.png","2018-11-20 00:00:00","2018-11-30 12:01:29"
"384","1","105","150","90","150","90","95","1947","61","10168","rayquaza.png","2018-11-20 00:00:00","2018-11-30 12:01:29"
"385","1","100","100","100","100","100","100","1170","73","14030","jirachi.png","2018-11-20 00:00:00","2018-11-30 12:01:29"
"386","1","50","150","50","150","50","150","1335","78","16621","deoxys-normal.png","2018-11-20 00:00:00","2018-11-30 12:01:29"
"387","1","55","68","64","45","55","31","1838","81","14806","turtwig.png","2018-11-20 00:00:00","2018-11-30 12:01:29"
"388","1","75","89","85","55","65","36","1755","87","11756","grotle.png","2018-11-20 00:00:00","2018-11-30 12:01:29"
"389","1","95","109","105","75","85","56","1299","61","12681","torterra.png","2018-11-20 00:00:00","2018-11-30 12:01:29"
"390","1","44","58","44","58","44","61","1648","80","15356","chimchar.png","2018-11-20 00:00:00","2018-11-30 12:01:29"
"391","1","64","78","52","78","52","81","1769","90","14244","monferno.png","2018-11-20 00:00:00","2018-11-30 12:01:29"
"392","1","76","104","71","104","71","108","1876","65","11597","infernape.png","2018-11-20 00:00:00","2018-11-30 12:01:29"
"393","1","53","51","53","61","56","40","1813","98","17972","piplup.png","2018-11-20 00:00:00","2018-11-30 12:01:29"
"394","1","64","66","68","81","76","50","1166","63","17337","prinplup.png","2018-11-20 00:00:00","2018-11-30 12:01:29"
"395","1","84","86","88","111","101","60","1724","64","18029","empoleon.png","2018-11-20 00:00:00","2018-11-30 12:01:29"
"396","1","40","55","30","30","30","60","1793","60","18338","starly.png","2018-11-20 00:00:00","2018-11-30 12:01:29"
"397","1","55","75","50","40","40","80","1707","79","13876","staravia.png","2018-11-20 00:00:00","2018-11-30 12:01:29"
"398","1","85","120","70","50","60","100","1011","52","10621","staraptor.png","2018-11-20 00:00:00","2018-11-30 12:01:29"
"399","1","59","45","40","35","40","31","1350","84","17693","bidoof.png","2018-11-20 00:00:00","2018-11-30 12:01:29"
"400","1","79","85","60","55","60","71","1775","79","13313","bibarel.png","2018-11-20 00:00:00","2018-11-30 12:01:29"
"401","1","37","25","41","25","41","25","1538","86","18475","kricketot.png","2018-11-20 00:00:00","2018-11-30 12:01:29"
"402","1","77","85","51","55","51","65","1876","62","11187","kricketune.png","2018-11-20 00:00:00","2018-11-30 12:01:29"
"403","1","45","65","34","40","34","45","1617","93","13856","shinx.png","2018-11-20 00:00:00","2018-11-30 12:01:29"
"404","1","60","85","49","60","49","60","1894","75","13906","luxio.png","2018-11-20 00:00:00","2018-11-30 12:01:29"
"405","1","80","120","79","95","79","70","1059","51","13865","luxray.png","2018-11-20 00:00:00","2018-11-30 12:01:29"
"406","1","40","30","35","50","70","55","1998","59","10121","budew.png","2018-11-20 00:00:00","2018-11-30 12:01:29"
"407","1","60","70","65","125","105","90","1448","80","16242","roserade.png","2018-11-20 00:00:00","2018-11-30 12:01:29"
"408","1","67","125","40","30","30","58","1649","84","12304","cranidos.png","2018-11-20 00:00:00","2018-11-30 12:01:29"
"409","1","97","165","60","65","50","58","1493","89","13155","rampardos.png","2018-11-20 00:00:00","2018-11-30 12:01:29"
"410","1","30","42","118","42","88","30","1507","66","12224","shieldon.png","2018-11-20 00:00:00","2018-11-30 12:01:29"
"411","1","60","52","168","47","138","30","1469","53","14710","bastiodon.png","2018-11-20 00:00:00","2018-11-30 12:01:29"
"412","1","40","29","45","29","45","36","1236","87","15941","burmy.png","2018-11-20 00:00:00","2018-11-30 12:01:29"
"413","1","60","59","85","79","105","36","1568","57","12710","wormadam-plant.png","2018-11-20 00:00:00","2018-11-30 12:01:29"
"414","1","70","94","50","94","50","66","1301","74","16409","mothim.png","2018-11-20 00:00:00","2018-11-30 12:01:29"
"415","1","30","30","42","30","42","70","1370","86","13693","combee.png","2018-11-20 00:00:00","2018-11-30 12:01:29"
"416","1","70","80","102","80","102","40","1620","59","19874","vespiquen.png","2018-11-20 00:00:00","2018-11-30 12:01:29"
"417","1","60","45","70","45","90","95","1950","79","17812","pachirisu.png","2018-11-20 00:00:00","2018-11-30 12:01:29"
"418","1","55","65","35","60","30","85","1216","61","13988","buizel.png","2018-11-20 00:00:00","2018-11-30 12:01:29"
"419","1","85","105","55","85","50","115","1556","64","14520","floatzel.png","2018-11-20 00:00:00","2018-11-30 12:01:29"
"420","1","45","35","45","62","53","35","1715","53","15815","cherubi.png","2018-11-20 00:00:00","2018-11-30 12:01:29"
"421","1","70","60","70","87","78","85","1632","84","17880","cherrim.png","2018-11-20 00:00:00","2018-11-30 12:01:29"
"422","1","76","48","48","57","62","34","1200","96","18510","shellos.png","2018-11-20 00:00:00","2018-11-30 12:01:29"
"423","1","111","83","68","92","82","39","1630","76","18890","gastrodon.png","2018-11-20 00:00:00","2018-11-30 12:01:29"
"424","1","75","100","66","60","66","115","1946","52","15378","ambipom.png","2018-11-20 00:00:00","2018-11-30 12:01:29"
"425","1","90","50","34","60","44","70","1139","68","16801","drifloon.png","2018-11-20 00:00:00","2018-11-30 12:01:29"
"426","1","150","80","44","90","54","80","1528","54","10544","drifblim.png","2018-11-20 00:00:00","2018-11-30 12:01:29"
"427","1","55","66","44","44","56","85","1407","75","15159","buneary.png","2018-11-20 00:00:00","2018-11-30 12:01:29"
"428","1","65","76","84","54","96","105","1895","64","11924","lopunny.png","2018-11-20 00:00:00","2018-11-30 12:01:29"
"429","1","60","60","60","105","105","105","1464","90","13482","mismagius.png","2018-11-20 00:00:00","2018-11-30 12:01:29"
"430","1","100","125","52","105","52","71","1075","70","18937","honchkrow.png","2018-11-20 00:00:00","2018-11-30 12:01:29"
"431","1","49","55","42","42","37","85","1775","93","13339","glameow.png","2018-11-20 00:00:00","2018-11-30 12:01:29"
"432","1","71","82","64","64","59","112","1587","79","17109","purugly.png","2018-11-20 00:00:00","2018-11-30 12:01:29"
"433","1","45","30","50","65","50","45","1819","65","18758","chingling.png","2018-11-20 00:00:00","2018-11-30 12:01:29"
"434","1","63","63","47","41","41","74","1911","85","13383","stunky.png","2018-11-20 00:00:00","2018-11-30 12:01:29"
"435","1","103","93","67","71","61","84","1588","91","15735","skuntank.png","2018-11-20 00:00:00","2018-11-30 12:01:29"
"436","1","57","24","86","24","86","23","1942","68","12183","bronzor.png","2018-11-20 00:00:00","2018-11-30 12:01:29"
"437","1","67","89","116","79","116","33","1074","98","18633","bronzong.png","2018-11-20 00:00:00","2018-11-30 12:01:29"
"438","1","50","80","95","10","45","10","1442","70","15715","bonsly.png","2018-11-20 00:00:00","2018-11-30 12:01:29"
"439","1","20","25","45","70","90","60","1497","89","16400","mime-jr.png","2018-11-20 00:00:00","2018-11-30 12:01:29"
"440","1","100","5","5","15","65","30","1882","97","13608","happiny.png","2018-11-20 00:00:00","2018-11-30 12:01:29"
"441","1","76","65","45","92","42","91","1307","58","17204","chatot.png","2018-11-20 00:00:00","2018-11-30 12:01:29"
"442","1","50","92","108","92","108","35","1090","61","12446","spiritomb.png","2018-11-20 00:00:00","2018-11-30 12:01:29"
"443","1","58","70","45","40","45","42","1438","87","12915","gible.png","2018-11-20 00:00:00","2018-11-30 12:01:29"
"444","1","68","90","65","50","55","82","1744","74","11024","gabite.png","2018-11-20 00:00:00","2018-11-30 12:01:29"
"445","1","108","130","95","80","85","102","1361","82","16983","garchomp.png","2018-11-20 00:00:00","2018-11-30 12:01:29"
"446","1","135","85","40","40","85","5","1960","53","15461","munchlax.png","2018-11-20 00:00:00","2018-11-30 12:01:29"
"447","1","40","70","40","35","40","60","1394","90","12933","riolu.png","2018-11-20 00:00:00","2018-11-30 12:01:29"
"448","1","70","110","70","115","70","90","1308","73","10880","lucario.png","2018-11-20 00:00:00","2018-11-30 12:01:29"
"449","1","68","72","78","38","42","32","1569","84","10058","hippopotas.png","2018-11-20 00:00:00","2018-11-30 12:01:29"
"450","1","108","112","118","68","72","47","1386","68","14095","hippowdon.png","2018-11-20 00:00:00","2018-11-30 12:01:29"
"451","1","40","50","90","30","55","65","1687","62","18402","skorupi.png","2018-11-20 00:00:00","2018-11-30 12:01:29"
"452","1","70","90","110","60","75","95","1185","88","16863","drapion.png","2018-11-20 00:00:00","2018-11-30 12:01:29"
"453","1","48","61","40","61","40","50","1205","92","10134","croagunk.png","2018-11-20 00:00:00","2018-11-30 12:01:29"
"454","1","83","106","65","86","65","85","1613","83","15461","toxicroak.png","2018-11-20 00:00:00","2018-11-30 12:01:29"
"455","1","74","100","72","90","72","46","1894","93","11844","carnivine.png","2018-11-20 00:00:00","2018-11-30 12:01:29"
"456","1","49","49","56","49","61","66","1425","90","16909","finneon.png","2018-11-20 00:00:00","2018-11-30 12:01:29"
"457","1","69","69","76","69","86","91","1258","51","17852","lumineon.png","2018-11-20 00:00:00","2018-11-30 12:01:29"
"458","1","45","20","50","60","120","50","1832","98","14805","mantyke.png","2018-11-20 00:00:00","2018-11-30 12:01:29"
"459","1","60","62","50","62","60","40","1623","75","16633","snover.png","2018-11-20 00:00:00","2018-11-30 12:01:29"
"460","1","90","92","75","92","85","60","1820","82","14396","abomasnow.png","2018-11-20 00:00:00","2018-11-30 12:01:29"
"461","1","70","120","65","45","85","125","1531","95","10961","weavile.png","2018-11-20 00:00:00","2018-11-30 12:01:29"
"462","1","70","70","115","130","90","60","1769","80","14478","magnezone.png","2018-11-20 00:00:00","2018-11-30 12:01:29"
"463","1","110","85","95","80","95","50","1535","67","19911","lickilicky.png","2018-11-20 00:00:00","2018-11-30 12:01:29"
"464","1","115","140","130","55","55","40","1720","51","11670","rhyperior.png","2018-11-20 00:00:00","2018-11-30 12:01:29"
"465","1","100","100","125","110","50","50","1313","55","17145","tangrowth.png","2018-11-20 00:00:00","2018-11-30 12:01:29"
"466","1","75","123","67","95","85","95","1219","88","12738","electivire.png","2018-11-20 00:00:00","2018-11-30 12:01:29"
"467","1","75","95","67","125","95","83","1196","88","19684","magmortar.png","2018-11-20 00:00:00","2018-11-30 12:01:29"
"468","1","85","50","95","120","115","80","1331","80","16489","togekiss.png","2018-11-20 00:00:00","2018-11-30 12:01:29"
"469","1","86","76","86","116","56","95","1411","75","13902","yanmega.png","2018-11-20 00:00:00","2018-11-30 12:01:29"
"470","1","65","110","130","60","65","95","1066","99","12683","leafeon.png","2018-11-20 00:00:00","2018-11-30 12:01:29"
"471","1","65","60","110","130","95","65","1070","88","13530","glaceon.png","2018-11-20 00:00:00","2018-11-30 12:01:29"
"472","1","75","95","125","45","75","95","1398","72","18184","gliscor.png","2018-11-20 00:00:00","2018-11-30 12:01:29"
"473","1","110","130","80","70","60","80","1640","55","18159","mamoswine.png","2018-11-20 00:00:00","2018-11-30 12:01:29"
"474","1","85","80","70","135","75","90","1866","64","14350","porygon-z.png","2018-11-20 00:00:00","2018-11-30 12:01:29"
"475","1","68","125","65","65","115","80","1663","83","12115","gallade.png","2018-11-20 00:00:00","2018-11-30 12:01:29"
"476","1","60","55","145","75","150","40","1817","63","16326","probopass.png","2018-11-20 00:00:00","2018-11-30 12:01:29"
"477","1","45","100","135","65","135","45","1298","98","11411","dusknoir.png","2018-11-20 00:00:00","2018-11-30 12:01:29"
"478","1","70","80","70","80","70","110","1402","51","16034","froslass.png","2018-11-20 00:00:00","2018-11-30 12:01:29"
"479","1","50","50","77","95","77","91","1520","67","16215","rotom.png","2018-11-20 00:00:00","2018-11-30 12:01:29"
"480","1","75","75","130","75","130","95","1044","52","14547","uxie.png","2018-11-20 00:00:00","2018-11-30 12:01:29"
"481","1","80","105","105","105","105","80","1373","51","12953","mesprit.png","2018-11-20 00:00:00","2018-11-30 12:01:29"
"482","1","75","125","70","125","70","115","1630","86","18740","azelf.png","2018-11-20 00:00:00","2018-11-30 12:01:29"
"483","1","100","120","120","150","100","90","1766","96","12498","dialga.png","2018-11-20 00:00:00","2018-11-30 12:01:29"
"484","1","90","120","100","150","120","100","1016","75","10312","palkia.png","2018-11-20 00:00:00","2018-11-30 12:01:29"
"485","1","91","90","106","130","106","77","1306","85","10534","heatran.png","2018-11-20 00:00:00","2018-11-30 12:01:29"
"486","1","110","160","110","80","110","100","1256","72","16631","regigigas.png","2018-11-20 00:00:00","2018-11-30 12:01:29"
"487","1","150","100","120","100","120","90","1032","78","10116","giratina-altered.png","2018-11-20 00:00:00","2018-11-30 12:01:29"
"488","1","120","70","120","75","130","85","1341","73","16842","cresselia.png","2018-11-20 00:00:00","2018-11-30 12:01:29"
"489","1","80","80","80","80","80","80","1958","50","17226","phione.png","2018-11-20 00:00:00","2018-11-30 12:01:29"
"490","1","100","100","100","100","100","100","1716","52","19036","manaphy.png","2018-11-20 00:00:00","2018-11-30 12:01:29"
"491","1","70","90","90","135","90","125","1749","91","12270","darkrai.png","2018-11-20 00:00:00","2018-11-30 12:01:29"
"492","1","100","100","100","100","100","100","1801","56","13653","shaymin-land.png","2018-11-20 00:00:00","2018-11-30 12:01:29"
"493","1","120","120","120","120","120","120","1355","58","14225","arceus.png","2018-11-20 00:00:00","2018-11-30 12:01:29"
"494","1","100","100","100","100","100","100","1213","96","13986","victini.png","2018-11-20 00:00:00","2018-11-30 12:01:29"
"495","1","45","45","55","45","55","63","1156","57","10789","snivy.png","2018-11-20 00:00:00","2018-11-30 12:01:29"
"496","1","60","60","75","60","75","83","1922","83","10959","servine.png","2018-11-20 00:00:00","2018-11-30 12:01:29"
"497","1","75","75","95","75","95","113","1508","71","11681","serperior.png","2018-11-20 00:00:00","2018-11-30 12:01:29"
"498","1","65","63","45","45","45","45","1855","86","10597","tepig.png","2018-11-20 00:00:00","2018-11-30 12:01:29"
"499","1","90","93","55","70","55","55","1541","72","16751","pignite.png","2018-11-20 00:00:00","2018-11-30 12:01:29"
"500","1","110","123","65","100","65","65","1315","65","14836","emboar.png","2018-11-20 00:00:00","2018-11-30 12:01:29"
"501","1","55","55","45","63","45","45","1851","59","10279","oshawott.png","2018-11-20 00:00:00","2018-11-30 12:01:29"
"502","1","75","75","60","83","60","60","1338","59","14292","dewott.png","2018-11-20 00:00:00","2018-11-30 12:01:29"
"503","1","95","100","85","108","70","70","1011","53","14780","samurott.png","2018-11-20 00:00:00","2018-11-30 12:01:29"
"504","1","45","55","39","35","39","42","1178","79","13381","patrat.png","2018-11-20 00:00:00","2018-11-30 12:01:29"
"505","1","60","85","69","60","69","77","1257","63","18117","watchog.png","2018-11-20 00:00:00","2018-11-30 12:01:29"
"506","1","45","60","45","25","45","55","1519","50","13755","lillipup.png","2018-11-20 00:00:00","2018-11-30 12:01:29"
"507","1","65","80","65","35","65","60","1464","67","10948","herdier.png","2018-11-20 00:00:00","2018-11-30 12:01:29"
"508","1","85","110","90","45","90","80","1967","93","16551","stoutland.png","2018-11-20 00:00:00","2018-11-30 12:01:29"
"509","1","41","50","37","50","37","66","1132","92","12659","purrloin.png","2018-11-20 00:00:00","2018-11-30 12:01:29"
"510","1","64","88","50","88","50","106","1700","53","19819","liepard.png","2018-11-20 00:00:00","2018-11-30 12:01:29"
"511","1","50","53","48","53","48","64","1466","73","14158","pansage.png","2018-11-20 00:00:00","2018-11-30 12:01:29"
"512","1","75","98","63","98","63","101","1807","53","19655","simisage.png","2018-11-20 00:00:00","2018-11-30 12:01:29"
"513","1","50","53","48","53","48","64","1541","80","13116","pansear.png","2018-11-20 00:00:00","2018-11-30 12:01:29"
"514","1","75","98","63","98","63","101","1622","78","19756","simisear.png","2018-11-20 00:00:00","2018-11-30 12:01:29"
"515","1","50","53","48","53","48","64","1271","65","13402","panpour.png","2018-11-20 00:00:00","2018-11-30 12:01:29"
"516","1","75","98","63","98","63","101","1248","84","18487","simipour.png","2018-11-20 00:00:00","2018-11-30 12:01:29"
"517","1","76","25","45","67","55","24","1187","99","13460","munna.png","2018-11-20 00:00:00","2018-11-30 12:01:29"
"518","1","116","55","85","107","95","29","1520","60","10850","musharna.png","2018-11-20 00:00:00","2018-11-30 12:01:29"
"519","1","50","55","50","36","30","43","1371","81","16701","pidove.png","2018-11-20 00:00:00","2018-11-30 12:01:29"
"520","1","62","77","62","50","42","65","1752","68","14902","tranquill.png","2018-11-20 00:00:00","2018-11-30 12:01:29"
"521","1","80","115","80","65","55","93","1370","88","19362","unfezant.png","2018-11-20 00:00:00","2018-11-30 12:01:29"
"522","1","45","60","32","50","32","76","1728","96","16611","blitzle.png","2018-11-20 00:00:00","2018-11-30 12:01:29"
"523","1","75","100","63","80","63","116","1173","71","17572","zebstrika.png","2018-11-20 00:00:00","2018-11-30 12:01:29"
"524","1","55","75","85","25","25","15","1150","97","15673","roggenrola.png","2018-11-20 00:00:00","2018-11-30 12:01:29"
"525","1","70","105","105","50","40","20","1625","62","13616","boldore.png","2018-11-20 00:00:00","2018-11-30 12:01:29"
"526","1","85","135","130","60","80","25","1054","95","10535","gigalith.png","2018-11-20 00:00:00","2018-11-30 12:01:29"
"527","1","65","45","43","55","43","72","1742","76","15656","woobat.png","2018-11-20 00:00:00","2018-11-30 12:01:29"
"528","1","67","57","55","77","55","114","1315","60","13037","swoobat.png","2018-11-20 00:00:00","2018-11-30 12:01:29"
"529","1","60","85","40","30","45","68","1474","89","18534","drilbur.png","2018-11-20 00:00:00","2018-11-30 12:01:29"
"530","1","110","135","60","50","65","88","1523","51","12755","excadrill.png","2018-11-20 00:00:00","2018-11-30 12:01:29"
"531","1","103","60","86","60","86","50","1841","51","18743","audino.png","2018-11-20 00:00:00","2018-11-30 12:01:29"
"532","1","75","80","55","25","35","35","1725","57","11319","timburr.png","2018-11-20 00:00:00","2018-11-30 12:01:29"
"533","1","85","105","85","40","50","40","1479","86","15344","gurdurr.png","2018-11-20 00:00:00","2018-11-30 12:01:29"
"534","1","105","140","95","55","65","45","1951","98","12375","conkeldurr.png","2018-11-20 00:00:00","2018-11-30 12:01:29"
"535","1","50","50","40","50","40","64","1424","94","12273","tympole.png","2018-11-20 00:00:00","2018-11-30 12:01:29"
"536","1","75","65","55","65","55","69","1908","88","17465","palpitoad.png","2018-11-20 00:00:00","2018-11-30 12:01:29"
"537","1","105","95","75","85","75","74","1600","56","15393","seismitoad.png","2018-11-20 00:00:00","2018-11-30 12:01:29"
"538","1","120","100","85","30","85","45","1712","73","15385","throh.png","2018-11-20 00:00:00","2018-11-30 12:01:29"
"539","1","75","125","75","30","75","85","1040","50","16490","sawk.png","2018-11-20 00:00:00","2018-11-30 12:01:29"
"540","1","45","53","70","40","60","42","1712","64","13581","sewaddle.png","2018-11-20 00:00:00","2018-11-30 12:01:29"
"541","1","55","63","90","50","80","42","1534","75","18056","swadloon.png","2018-11-20 00:00:00","2018-11-30 12:01:29"
"542","1","75","103","80","70","80","92","1383","57","16430","leavanny.png","2018-11-20 00:00:00","2018-11-30 12:01:29"
"543","1","30","45","59","30","39","57","1960","66","14760","venipede.png","2018-11-20 00:00:00","2018-11-30 12:01:29"
"544","1","40","55","99","40","79","47","1928","89","18147","whirlipede.png","2018-11-20 00:00:00","2018-11-30 12:01:29"
"545","1","60","100","89","55","69","112","1357","67","16728","scolipede.png","2018-11-20 00:00:00","2018-11-30 12:01:29"
"546","1","40","27","60","37","50","66","1761","59","11622","cottonee.png","2018-11-20 00:00:00","2018-11-30 12:01:29"
"547","1","60","67","85","77","75","116","1239","73","13863","whimsicott.png","2018-11-20 00:00:00","2018-11-30 12:01:29"
"548","1","45","35","50","70","50","30","1862","58","15111","petilil.png","2018-11-20 00:00:00","2018-11-30 12:01:29"
"549","1","70","60","75","110","75","90","1452","83","10552","lilligant.png","2018-11-20 00:00:00","2018-11-30 12:01:29"
"550","1","70","92","65","80","55","98","1744","57","16066","basculin-red-striped.png","2018-11-20 00:00:00","2018-11-30 12:01:29"
"551","1","50","72","35","35","35","65","1438","97","10436","sandile.png","2018-11-20 00:00:00","2018-11-30 12:01:29"
"552","1","60","82","45","45","45","74","1807","88","12602","krokorok.png","2018-11-20 00:00:00","2018-11-30 12:01:29"
"553","1","95","117","80","65","70","92","1469","65","12673","krookodile.png","2018-11-20 00:00:00","2018-11-30 12:01:29"
"554","1","70","90","45","15","45","50","1388","59","16167","darumaka.png","2018-11-20 00:00:00","2018-11-30 12:01:29"
"555","1","105","140","55","30","55","95","1237","79","11993","darmanitan-standard.png","2018-11-20 00:00:00","2018-11-30 12:01:29"
"556","1","75","86","67","106","67","60","1180","60","14187","maractus.png","2018-11-20 00:00:00","2018-11-30 12:01:29"
"557","1","50","65","85","35","35","55","1549","79","12994","dwebble.png","2018-11-20 00:00:00","2018-11-30 12:01:29"
"558","1","70","105","125","65","75","45","1514","64","18325","crustle.png","2018-11-20 00:00:00","2018-11-30 12:01:29"
"559","1","50","75","70","35","70","48","1494","85","14902","scraggy.png","2018-11-20 00:00:00","2018-11-30 12:01:29"
"560","1","65","90","115","45","115","58","1966","60","16480","scrafty.png","2018-11-20 00:00:00","2018-11-30 12:01:29"
"561","1","72","58","80","103","80","97","1955","56","19283","sigilyph.png","2018-11-20 00:00:00","2018-11-30 12:01:29"
"562","1","38","30","85","55","65","30","1269","77","12493","yamask.png","2018-11-20 00:00:00","2018-11-30 12:01:29"
"563","1","58","50","145","95","105","30","1034","82","16383","cofagrigus.png","2018-11-20 00:00:00","2018-11-30 12:01:29"
"564","1","54","78","103","53","45","22","1774","98","13535","tirtouga.png","2018-11-20 00:00:00","2018-11-30 12:01:29"
"565","1","74","108","133","83","65","32","1254","61","12870","carracosta.png","2018-11-20 00:00:00","2018-11-30 12:01:29"
"566","1","55","112","45","74","45","70","1261","80","12886","archen.png","2018-11-20 00:00:00","2018-11-30 12:01:29"
"567","1","75","140","65","112","65","110","1640","77","12944","archeops.png","2018-11-20 00:00:00","2018-11-30 12:01:29"
"568","1","50","50","62","40","62","65","1505","66","13117","trubbish.png","2018-11-20 00:00:00","2018-11-30 12:01:29"
"569","1","80","95","82","60","82","75","1575","87","16182","garbodor.png","2018-11-20 00:00:00","2018-11-30 12:01:29"
"570","1","40","65","40","80","40","65","1062","66","13553","zorua.png","2018-11-20 00:00:00","2018-11-30 12:01:29"
"571","1","60","105","60","120","60","105","1449","93","16369","zoroark.png","2018-11-20 00:00:00","2018-11-30 12:01:29"
"572","1","55","50","40","40","40","75","1888","72","14368","minccino.png","2018-11-20 00:00:00","2018-11-30 12:01:29"
"573","1","75","95","60","65","60","115","1955","85","19508","cinccino.png","2018-11-20 00:00:00","2018-11-30 12:01:29"
"574","1","45","30","50","55","65","45","1496","90","11750","gothita.png","2018-11-20 00:00:00","2018-11-30 12:01:29"
"575","1","60","45","70","75","85","55","1272","69","16440","gothorita.png","2018-11-20 00:00:00","2018-11-30 12:01:29"
"576","1","70","55","95","95","110","65","1015","85","15946","gothitelle.png","2018-11-20 00:00:00","2018-11-30 12:01:29"
"577","1","45","30","40","105","50","20","1073","54","14674","solosis.png","2018-11-20 00:00:00","2018-11-30 12:01:29"
"578","1","65","40","50","125","60","30","1646","86","15215","duosion.png","2018-11-20 00:00:00","2018-11-30 12:01:29"
"579","1","110","65","75","125","85","30","1431","73","12152","reuniclus.png","2018-11-20 00:00:00","2018-11-30 12:01:29"
"580","1","62","44","50","44","50","55","1907","79","17870","ducklett.png","2018-11-20 00:00:00","2018-11-30 12:01:29"
"581","1","75","87","63","87","63","98","1736","88","13060","swanna.png","2018-11-20 00:00:00","2018-11-30 12:01:29"
"582","1","36","50","50","65","60","44","1904","70","16398","vanillite.png","2018-11-20 00:00:00","2018-11-30 12:01:29"
"583","1","51","65","65","80","75","59","1903","53","17778","vanillish.png","2018-11-20 00:00:00","2018-11-30 12:01:29"
"584","1","71","95","85","110","95","79","1085","78","17354","vanilluxe.png","2018-11-20 00:00:00","2018-11-30 12:01:29"
"585","1","60","60","50","40","50","75","1706","75","13015","deerling.png","2018-11-20 00:00:00","2018-11-30 12:01:29"
"586","1","80","100","70","60","70","95","1415","74","19414","sawsbuck.png","2018-11-20 00:00:00","2018-11-30 12:01:29"
"587","1","55","75","60","75","60","103","1568","93","15735","emolga.png","2018-11-20 00:00:00","2018-11-30 12:01:29"
"588","1","50","75","45","40","45","60","1974","67","16513","karrablast.png","2018-11-20 00:00:00","2018-11-30 12:01:29"
"589","1","70","135","105","60","105","20","1740","65","19070","escavalier.png","2018-11-20 00:00:00","2018-11-30 12:01:29"
"590","1","69","55","45","55","55","15","1454","56","16974","foongus.png","2018-11-20 00:00:00","2018-11-30 12:01:29"
"591","1","114","85","70","85","80","30","1949","51","14232","amoonguss.png","2018-11-20 00:00:00","2018-11-30 12:01:29"
"592","1","55","40","50","65","85","40","1834","99","11731","frillish.png","2018-11-20 00:00:00","2018-11-30 12:01:29"
"593","1","100","60","70","85","105","60","1269","52","14341","jellicent.png","2018-11-20 00:00:00","2018-11-30 12:01:29"
"594","1","165","75","80","40","45","65","1191","69","10303","alomomola.png","2018-11-20 00:00:00","2018-11-30 12:01:29"
"595","1","50","47","50","57","50","65","1966","93","11171","joltik.png","2018-11-20 00:00:00","2018-11-30 12:01:29"
"596","1","70","77","60","97","60","108","1273","85","13071","galvantula.png","2018-11-20 00:00:00","2018-11-30 12:01:29"
"597","1","44","50","91","24","86","10","1004","92","19997","ferroseed.png","2018-11-20 00:00:00","2018-11-30 12:01:29"
"598","1","74","94","131","54","116","20","1101","77","18202","ferrothorn.png","2018-11-20 00:00:00","2018-11-30 12:01:29"
"599","1","40","55","70","45","60","30","1128","81","15608","klink.png","2018-11-20 00:00:00","2018-11-30 12:01:29"
"600","1","60","80","95","70","85","50","1431","81","12938","klang.png","2018-11-20 00:00:00","2018-11-30 12:01:29"
"601","1","60","100","115","70","85","90","1803","90","19811","klinklang.png","2018-11-20 00:00:00","2018-11-30 12:01:29"
"602","1","35","55","40","45","40","60","1677","51","12510","tynamo.png","2018-11-20 00:00:00","2018-11-30 12:01:29"
"603","1","65","85","70","75","70","40","1565","53","13872","eelektrik.png","2018-11-20 00:00:00","2018-11-30 12:01:29"
"604","1","85","115","80","105","80","50","1926","53","15391","eelektross.png","2018-11-20 00:00:00","2018-11-30 12:01:29"
"605","1","55","55","55","85","55","30","1023","66","18886","elgyem.png","2018-11-20 00:00:00","2018-11-30 12:01:29"
"606","1","75","75","75","125","95","40","1777","54","16871","beheeyem.png","2018-11-20 00:00:00","2018-11-30 12:01:29"
"607","1","50","30","55","65","55","20","1557","92","17559","litwick.png","2018-11-20 00:00:00","2018-11-30 12:01:29"
"608","1","60","40","60","95","60","55","1959","56","10234","lampent.png","2018-11-20 00:00:00","2018-11-30 12:01:29"
"609","1","60","55","90","145","90","80","1906","63","15725","chandelure.png","2018-11-20 00:00:00","2018-11-30 12:01:29"
"610","1","46","87","60","30","40","57","1933","54","14983","axew.png","2018-11-20 00:00:00","2018-11-30 12:01:29"
"611","1","66","117","70","40","50","67","1063","94","19913","fraxure.png","2018-11-20 00:00:00","2018-11-30 12:01:29"
"612","1","76","147","90","60","70","97","1731","55","17452","haxorus.png","2018-11-20 00:00:00","2018-11-30 12:01:29"
"613","1","55","70","40","60","40","40","1967","56","19426","cubchoo.png","2018-11-20 00:00:00","2018-11-30 12:01:29"
"614","1","95","130","80","70","80","50","1734","70","14221","beartic.png","2018-11-20 00:00:00","2018-11-30 12:01:29"
"615","1","80","50","50","95","135","105","1292","65","16786","cryogonal.png","2018-11-20 00:00:00","2018-11-30 12:01:29"
"616","1","50","40","85","40","65","25","1202","89","13713","shelmet.png","2018-11-20 00:00:00","2018-11-30 12:01:29"
"617","1","80","70","40","100","60","145","1020","58","12545","accelgor.png","2018-11-20 00:00:00","2018-11-30 12:01:29"
"618","1","109","66","84","81","99","32","1578","77","13847","stunfisk.png","2018-11-20 00:00:00","2018-11-30 12:01:29"
"619","1","45","85","50","55","50","65","1027","67","19560","mienfoo.png","2018-11-20 00:00:00","2018-11-30 12:01:29"
"620","1","65","125","60","95","60","105","1996","70","10923","mienshao.png","2018-11-20 00:00:00","2018-11-30 12:01:29"
"621","1","77","120","90","60","90","48","1678","67","19649","druddigon.png","2018-11-20 00:00:00","2018-11-30 12:01:29"
"622","1","59","74","50","35","50","35","1495","97","15345","golett.png","2018-11-20 00:00:00","2018-11-30 12:01:29"
"623","1","89","124","80","55","80","55","1185","59","13060","golurk.png","2018-11-20 00:00:00","2018-11-30 12:01:29"
"624","1","45","85","70","40","40","60","1598","99","18267","pawniard.png","2018-11-20 00:00:00","2018-11-30 12:01:29"
"625","1","65","125","100","60","70","70","1573","72","19569","bisharp.png","2018-11-20 00:00:00","2018-11-30 12:01:29"
"626","1","95","110","95","40","95","55","1644","65","12581","bouffalant.png","2018-11-20 00:00:00","2018-11-30 12:01:29"
"627","1","70","83","50","37","50","60","1508","62","18960","rufflet.png","2018-11-20 00:00:00","2018-11-30 12:01:29"
"628","1","100","123","75","57","75","80","1942","76","11052","braviary.png","2018-11-20 00:00:00","2018-11-30 12:01:29"
"629","1","70","55","75","45","65","60","1342","95","15648","vullaby.png","2018-11-20 00:00:00","2018-11-30 12:01:29"
"630","1","110","65","105","55","95","80","1844","95","11434","mandibuzz.png","2018-11-20 00:00:00","2018-11-30 12:01:29"
"631","1","85","97","66","105","66","65","1747","76","14501","heatmor.png","2018-11-20 00:00:00","2018-11-30 12:01:29"
"632","1","58","109","112","48","48","109","1922","98","15614","durant.png","2018-11-20 00:00:00","2018-11-30 12:01:29"
"633","1","52","65","50","45","50","38","1854","63","13079","deino.png","2018-11-20 00:00:00","2018-11-30 12:01:29"
"634","1","72","85","70","65","70","58","1831","53","19341","zweilous.png","2018-11-20 00:00:00","2018-11-30 12:01:29"
"635","1","92","105","90","125","90","98","1091","94","10904","hydreigon.png","2018-11-20 00:00:00","2018-11-30 12:01:29"
"636","1","55","85","55","50","55","60","1662","62","17801","larvesta.png","2018-11-20 00:00:00","2018-11-30 12:01:29"
"637","1","85","60","65","135","105","100","1767","52","18895","volcarona.png","2018-11-20 00:00:00","2018-11-30 12:01:29"
"638","1","91","90","129","90","72","108","1143","90","15942","cobalion.png","2018-11-20 00:00:00","2018-11-30 12:01:29"
"639","1","91","129","90","72","90","108","1859","74","15364","terrakion.png","2018-11-20 00:00:00","2018-11-30 12:01:29"
"640","1","91","90","72","90","129","108","1799","67","12534","virizion.png","2018-11-20 00:00:00","2018-11-30 12:01:29"
"641","1","79","115","70","125","80","111","1341","86","10371","tornadus-incarnate.png","2018-11-20 00:00:00","2018-11-30 12:01:29"
"642","1","79","115","70","125","80","111","1514","69","17145","thundurus-incarnate.png","2018-11-20 00:00:00","2018-11-30 12:01:29"
"643","1","100","120","100","150","120","90","1436","63","18041","reshiram.png","2018-11-20 00:00:00","2018-11-30 12:01:29"
"644","1","100","150","120","120","100","90","1759","90","17891","zekrom.png","2018-11-20 00:00:00","2018-11-30 12:01:29"
"645","1","89","125","90","115","80","101","1597","50","12175","landorus-incarnate.png","2018-11-20 00:00:00","2018-11-30 12:01:29"
"646","1","125","130","90","130","90","95","1248","79","14314","kyurem.png","2018-11-20 00:00:00","2018-11-30 12:01:29"
"647","1","91","72","90","129","90","108","1143","86","12088","keldeo-ordinary.png","2018-11-20 00:00:00","2018-11-30 12:01:29"
"648","1","100","77","77","128","128","90","1056","87","17576","meloetta-aria.png","2018-11-20 00:00:00","2018-11-30 12:01:29"
"649","1","71","120","95","120","95","99","1142","86","12548","genesect.png","2018-11-20 00:00:00","2018-11-30 12:01:29"
"650","1","56","61","65","48","45","38","1542","96","18972","chespin.png","2018-11-20 00:00:00","2018-11-30 12:01:29"
"651","1","61","78","95","56","58","57","1168","61","17310","quilladin.png","2018-11-20 00:00:00","2018-11-30 12:01:29"
"652","1","88","107","122","74","75","64","1762","57","18107","chesnaught.png","2018-11-20 00:00:00","2018-11-30 12:01:29"
"653","1","40","45","40","62","60","60","1439","95","14653","fennekin.png","2018-11-20 00:00:00","2018-11-30 12:01:29"
"654","1","59","59","58","90","70","73","1093","60","16767","braixen.png","2018-11-20 00:00:00","2018-11-30 12:01:29"
"655","1","75","69","72","114","100","104","1582","58","13087","delphox.png","2018-11-20 00:00:00","2018-11-30 12:01:29"
"656","1","41","56","40","62","44","71","1320","59","16278","froakie.png","2018-11-20 00:00:00","2018-11-30 12:01:29"
"657","1","54","63","52","83","56","97","1772","74","16540","frogadier.png","2018-11-20 00:00:00","2018-11-30 12:01:29"
"658","1","72","95","67","103","71","122","1573","56","17356","greninja.png","2018-11-20 00:00:00","2018-11-30 12:01:29"
"659","1","38","36","38","32","36","57","1345","76","16583","bunnelby.png","2018-11-20 00:00:00","2018-11-30 12:01:29"
"660","1","85","56","77","50","77","78","1834","57","11498","diggersby.png","2018-11-20 00:00:00","2018-11-30 12:01:29"
"661","1","45","50","43","40","38","62","1845","58","13642","fletchling.png","2018-11-20 00:00:00","2018-11-30 12:01:29"
"662","1","62","73","55","56","52","84","1449","62","16383","fletchinder.png","2018-11-20 00:00:00","2018-11-30 12:01:29"
"663","1","78","81","71","74","69","126","1241","92","16589","talonflame.png","2018-11-20 00:00:00","2018-11-30 12:01:29"
"664","1","38","35","40","27","25","35","1262","68","11214","scatterbug.png","2018-11-20 00:00:00","2018-11-30 12:01:29"
"665","1","45","22","60","27","30","29","1354","78","19132","spewpa.png","2018-11-20 00:00:00","2018-11-30 12:01:29"
"666","1","80","52","50","90","50","89","1006","59","16278","vivillon.png","2018-11-20 00:00:00","2018-11-30 12:01:29"
"667","1","62","50","58","73","54","72","1260","61","14364","litleo.png","2018-11-20 00:00:00","2018-11-30 12:01:29"
"668","1","86","68","72","109","66","106","1395","93","12375","pyroar.png","2018-11-20 00:00:00","2018-11-30 12:01:29"
"669","1","44","38","39","61","79","42","1455","75","13842","flabebe.png","2018-11-20 00:00:00","2018-11-30 12:01:29"
"670","1","54","45","47","75","98","52","1986","96","16389","floette.png","2018-11-20 00:00:00","2018-11-30 12:01:29"
"671","1","78","65","68","112","154","75","1294","72","15483","florges.png","2018-11-20 00:00:00","2018-11-30 12:01:29"
"672","1","66","65","48","62","57","52","1693","66","10887","skiddo.png","2018-11-20 00:00:00","2018-11-30 12:01:29"
"673","1","123","100","62","97","81","68","1997","52","18298","gogoat.png","2018-11-20 00:00:00","2018-11-30 12:01:29"
"674","1","67","82","62","46","48","43","1131","55","19630","pancham.png","2018-11-20 00:00:00","2018-11-30 12:01:29"
"675","1","95","124","78","69","71","58","1747","74","18330","pangoro.png","2018-11-20 00:00:00","2018-11-30 12:01:29"
"676","1","75","80","60","65","90","102","1119","60","17019","furfrou.png","2018-11-20 00:00:00","2018-11-30 12:01:29"
"677","1","62","48","54","63","60","68","1611","71","18009","espurr.png","2018-11-20 00:00:00","2018-11-30 12:01:29"
"678","1","74","48","76","83","81","104","1944","58","14744","meowstic-male.png","2018-11-20 00:00:00","2018-11-30 12:01:29"
"679","1","45","80","100","35","37","28","1552","77","16208","honedge.png","2018-11-20 00:00:00","2018-11-30 12:01:29"
"680","1","59","110","150","45","49","35","1429","63","12659","doublade.png","2018-11-20 00:00:00","2018-11-30 12:01:29"
"681","1","60","150","50","150","50","60","1083","66","11436","aegislash-blade.png","2018-11-20 00:00:00","2018-11-30 12:01:29"
"682","1","78","52","60","63","65","23","1709","84","15393","spritzee.png","2018-11-20 00:00:00","2018-11-30 12:01:29"
"683","1","101","72","72","99","89","29","1967","78","18382","aromatisse.png","2018-11-20 00:00:00","2018-11-30 12:01:29"
"684","1","62","48","66","59","57","49","1954","54","13278","swirlix.png","2018-11-20 00:00:00","2018-11-30 12:01:29"
"685","1","82","80","86","85","75","72","1888","95","13116","slurpuff.png","2018-11-20 00:00:00","2018-11-30 12:01:29"
"686","1","53","54","53","37","46","45","1810","78","19612","inkay.png","2018-11-20 00:00:00","2018-11-30 12:01:29"
"687","1","86","92","88","68","75","73","1567","77","19812","malamar.png","2018-11-20 00:00:00","2018-11-30 12:01:29"
"688","1","42","52","67","39","56","50","1711","75","11586","binacle.png","2018-11-20 00:00:00","2018-11-30 12:01:29"
"689","1","72","105","115","54","86","68","1240","73","11621","barbaracle.png","2018-11-20 00:00:00","2018-11-30 12:01:29"
"690","1","50","60","60","60","60","30","1342","85","19670","skrelp.png","2018-11-20 00:00:00","2018-11-30 12:01:29"
"691","1","65","75","90","97","123","44","1218","91","15151","dragalge.png","2018-11-20 00:00:00","2018-11-30 12:01:29"
"692","1","50","53","62","58","63","44","1707","95","11528","clauncher.png","2018-11-20 00:00:00","2018-11-30 12:01:29"
"693","1","71","73","88","120","89","59","1410","69","18483","clawitzer.png","2018-11-20 00:00:00","2018-11-30 12:01:29"
"694","1","44","38","33","61","43","70","1710","86","12283","helioptile.png","2018-11-20 00:00:00","2018-11-30 12:01:29"
"695","1","62","55","52","109","94","109","1080","68","11625","heliolisk.png","2018-11-20 00:00:00","2018-11-30 12:01:29"
"696","1","58","89","77","45","45","48","1840","64","10661","tyrunt.png","2018-11-20 00:00:00","2018-11-30 12:01:29"
"697","1","82","121","119","69","59","71","1180","50","13211","tyrantrum.png","2018-11-20 00:00:00","2018-11-30 12:01:29"
"698","1","77","59","50","67","63","46","1902","70","17134","amaura.png","2018-11-20 00:00:00","2018-11-30 12:01:29"
"699","1","123","77","72","99","92","58","1553","54","11074","aurorus.png","2018-11-20 00:00:00","2018-11-30 12:01:29"
"700","1","95","65","65","110","130","60","1095","86","17964","sylveon.png","2018-11-20 00:00:00","2018-11-30 12:01:29"
"701","1","78","92","75","74","63","118","1219","88","13145","hawlucha.png","2018-11-20 00:00:00","2018-11-30 12:01:29"
"702","1","67","58","57","81","67","101","1285","88","10496","dedenne.png","2018-11-20 00:00:00","2018-11-30 12:01:29"
"703","1","50","50","150","50","150","50","1210","83","16094","carbink.png","2018-11-20 00:00:00","2018-11-30 12:01:29"
"704","1","45","50","35","55","75","40","1269","99","11704","goomy.png","2018-11-20 00:00:00","2018-11-30 12:01:29"
"705","1","68","75","53","83","113","60","1893","70","18904","sliggoo.png","2018-11-20 00:00:00","2018-11-30 12:01:29"
"706","1","90","100","70","110","150","80","1201","84","12295","goodra.png","2018-11-20 00:00:00","2018-11-30 12:01:29"
"707","1","57","80","91","80","87","75","1334","93","17595","klefki.png","2018-11-20 00:00:00","2018-11-30 12:01:29"
"708","1","43","70","48","50","60","38","1157","88","18738","phantump.png","2018-11-20 00:00:00","2018-11-30 12:01:29"
"709","1","85","110","76","65","82","56","1000","55","14837","trevenant.png","2018-11-20 00:00:00","2018-11-30 12:01:29"
"710","1","49","66","70","44","55","51","1028","70","18781","pumpkaboo-average.png","2018-11-20 00:00:00","2018-11-30 12:01:29"
"711","1","65","90","122","58","75","84","1358","73","14673","gourgeist-average.png","2018-11-20 00:00:00","2018-11-30 12:01:29"
"712","1","55","69","85","32","35","28","1050","64","18819","bergmite.png","2018-11-20 00:00:00","2018-11-30 12:01:29"
"713","1","95","117","184","44","46","28","1456","82","11412","avalugg.png","2018-11-20 00:00:00","2018-11-30 12:01:29"
"714","1","40","30","35","45","40","55","1029","68","18070","noibat.png","2018-11-20 00:00:00","2018-11-30 12:01:29"
"715","1","85","70","80","97","80","123","1913","81","11093","noivern.png","2018-11-20 00:00:00","2018-11-30 12:01:29"
"716","1","126","131","95","131","98","99","1030","58","11493","xerneas.png","2018-11-20 00:00:00","2018-11-30 12:01:29"
"717","1","126","131","95","131","98","99","1338","86","19993","yveltal.png","2018-11-20 00:00:00","2018-11-30 12:01:29"
"718","1","108","100","121","81","95","95","1323","99","18442","zygarde-50.png","2018-11-20 00:00:00","2018-11-30 12:01:29"
"719","1","50","100","150","100","150","50","1453","53","16186","diancie.png","2018-11-20 00:00:00","2018-11-30 12:01:29"
"720","1","80","110","60","150","130","70","1562","71","16322","hoopa-confined.png","2018-11-20 00:00:00","2018-11-30 12:01:29"
"721","1","80","110","120","130","90","70","1353","86","18781","volcanion.png","2018-11-20 00:00:00","2018-11-30 12:01:29"
"722","1","68","55","55","50","50","42","1932","76","10668","rowlet.png","2018-11-20 00:00:00","2018-11-30 12:01:29"
"723","1","78","75","75","70","70","52","1061","93","10746","dartrix.png","2018-11-20 00:00:00","2018-11-30 12:01:29"
"724","1","78","107","75","100","100","70","1268","69","15206","decidueye.png","2018-11-20 00:00:00","2018-11-30 12:01:29"
"725","1","45","65","40","60","40","70","1852","56","10794","litten.png","2018-11-20 00:00:00","2018-11-30 12:01:29"
"726","1","65","85","50","80","50","90","1205","83","12267","torracat.png","2018-11-20 00:00:00","2018-11-30 12:01:29"
"727","1","95","115","90","80","90","60","1656","58","10924","incineroar.png","2018-11-20 00:00:00","2018-11-30 12:01:29"
"728","1","50","54","54","66","56","40","1180","69","12184","popplio.png","2018-11-20 00:00:00","2018-11-30 12:01:29"
"729","1","60","69","69","91","81","50","1585","52","12712","brionne.png","2018-11-20 00:00:00","2018-11-30 12:01:29"
"730","1","80","74","74","126","116","60","1938","59","15424","primarina.png","2018-11-20 00:00:00","2018-11-30 12:01:29"
"731","1","35","75","30","30","30","65","1599","94","16798","pikipek.png","2018-11-20 00:00:00","2018-11-30 12:01:29"
"732","1","55","85","50","40","50","75","1946","79","11994","trumbeak.png","2018-11-20 00:00:00","2018-11-30 12:01:29"
"733","1","80","120","75","75","75","60","1082","66","14277","toucannon.png","2018-11-20 00:00:00","2018-11-30 12:01:29"
"734","1","48","70","30","30","30","45","1264","64","15346","yungoos.png","2018-11-20 00:00:00","2018-11-30 12:01:29"
"735","1","88","110","60","55","60","45","1960","56","11132","gumshoos.png","2018-11-20 00:00:00","2018-11-30 12:01:29"
"736","1","47","62","45","55","45","46","1410","70","10762","grubbin.png","2018-11-20 00:00:00","2018-11-30 12:01:29"
"737","1","57","82","95","55","75","36","1555","86","13176","charjabug.png","2018-11-20 00:00:00","2018-11-30 12:01:29"
"738","1","77","70","90","145","75","43","1223","99","19810","vikavolt.png","2018-11-20 00:00:00","2018-11-30 12:01:29"
"739","1","47","82","57","42","47","63","1552","63","15779","crabrawler.png","2018-11-20 00:00:00","2018-11-30 12:01:29"
"740","1","97","132","77","62","67","43","1406","95","13121","crabominable.png","2018-11-20 00:00:00","2018-11-30 12:01:29"
"741","1","75","70","70","98","70","93","1581","84","16612","oricorio-baile.png","2018-11-20 00:00:00","2018-11-30 12:01:29"
"742","1","40","45","40","55","40","84","1783","83","18842","cutiefly.png","2018-11-20 00:00:00","2018-11-30 12:01:29"
"743","1","60","55","60","95","70","124","1665","88","12610","ribombee.png","2018-11-20 00:00:00","2018-11-30 12:01:29"
"744","1","45","65","40","30","40","60","1894","78","10414","rockruff.png","2018-11-20 00:00:00","2018-11-30 12:01:29"
"745","1","75","115","65","55","65","112","1179","79","10004","lycanroc-midday.png","2018-11-20 00:00:00","2018-11-30 12:01:29"
"746","1","45","20","20","25","25","40","1013","81","18697","wishiwashi-solo.png","2018-11-20 00:00:00","2018-11-30 12:01:29"
"747","1","50","53","62","43","52","45","1151","94","16737","mareanie.png","2018-11-20 00:00:00","2018-11-30 12:01:29"
"748","1","50","63","152","53","142","35","1688","85","19879","toxapex.png","2018-11-20 00:00:00","2018-11-30 12:01:29"
"749","1","70","100","70","45","55","45","1709","54","12440","mudbray.png","2018-11-20 00:00:00","2018-11-30 12:01:29"
"750","1","100","125","100","55","85","35","1086","71","16331","mudsdale.png","2018-11-20 00:00:00","2018-11-30 12:01:29"
"751","1","38","40","52","40","72","27","1685","50","19648","dewpider.png","2018-11-20 00:00:00","2018-11-30 12:01:29"
"752","1","68","70","92","50","132","42","1393","99","14295","araquanid.png","2018-11-20 00:00:00","2018-11-30 12:01:29"
"753","1","40","55","35","50","35","35","1025","95","19536","fomantis.png","2018-11-20 00:00:00","2018-11-30 12:01:29"
"754","1","70","105","90","80","90","45","1285","58","11749","lurantis.png","2018-11-20 00:00:00","2018-11-30 12:01:29"
"755","1","40","35","55","65","75","15","1114","71","12434","morelull.png","2018-11-20 00:00:00","2018-11-30 12:01:29"
"756","1","60","45","80","90","100","30","1238","64","14173","shiinotic.png","2018-11-20 00:00:00","2018-11-30 12:01:29"
"757","1","48","44","40","71","40","77","1126","72","10681","salandit.png","2018-11-20 00:00:00","2018-11-30 12:01:29"
"758","1","68","64","60","111","60","117","1401","69","10163","salazzle.png","2018-11-20 00:00:00","2018-11-30 12:01:29"
"759","1","70","75","50","45","50","50","1107","71","14464","stufful.png","2018-11-20 00:00:00","2018-11-30 12:01:29"
"760","1","120","125","80","55","60","60","1456","93","17799","bewear.png","2018-11-20 00:00:00","2018-11-30 12:01:29"
"761","1","42","30","38","30","38","32","1794","61","13164","bounsweet.png","2018-11-20 00:00:00","2018-11-30 12:01:29"
"762","1","52","40","48","40","48","62","1289","53","17899","steenee.png","2018-11-20 00:00:00","2018-11-30 12:01:29"
"763","1","72","120","98","50","98","72","1222","97","19969","tsareena.png","2018-11-20 00:00:00","2018-11-30 12:01:29"
"764","1","51","52","90","82","110","100","1967","61","15039","comfey.png","2018-11-20 00:00:00","2018-11-30 12:01:29"
"765","1","90","60","80","90","110","60","1667","92","12742","oranguru.png","2018-11-20 00:00:00","2018-11-30 12:01:29"
"766","1","100","120","90","40","60","80","1942","93","11926","passimian.png","2018-11-20 00:00:00","2018-11-30 12:01:29"
"767","1","25","35","40","20","30","80","1057","85","14120","wimpod.png","2018-11-20 00:00:00","2018-11-30 12:01:29"
"768","1","75","125","140","60","90","40","1645","85","10312","golisopod.png","2018-11-20 00:00:00","2018-11-30 12:01:29"
"769","1","55","55","80","70","45","15","1369","83","14823","sandygast.png","2018-11-20 00:00:00","2018-11-30 12:01:29"
"770","1","85","75","110","100","75","35","1600","72","18092","palossand.png","2018-11-20 00:00:00","2018-11-30 12:01:29"
"771","1","55","60","130","30","130","5","1321","64","18678","pyukumuku.png","2018-11-20 00:00:00","2018-11-30 12:01:29"
"772","1","95","95","95","95","95","59","1648","98","14083","type-null.png","2018-11-20 00:00:00","2018-11-30 12:01:29"
"773","1","95","95","95","95","95","95","1345","69","15097","silvally.png","2018-11-20 00:00:00","2018-11-30 12:01:29"
"774","1","60","60","100","60","100","60","1061","94","18388","minior-meteor.png","2018-11-20 00:00:00","2018-11-30 12:01:29"
"775","1","65","115","65","75","95","65","1667","61","12302","komala.png","2018-11-20 00:00:00","2018-11-30 12:01:29"
"776","1","60","78","135","91","85","36","1918","91","16066","turtonator.png","2018-11-20 00:00:00","2018-11-30 12:01:29"
"777","1","65","98","63","40","73","96","1568","96","17380","togedemaru.png","2018-11-20 00:00:00","2018-11-30 12:01:29"
"778","1","55","90","80","50","105","96","1403","54","11326","mimikyu.png","2018-11-20 00:00:00","2018-11-30 12:01:29"
"779","1","68","105","70","70","70","92","1286","75","17266","bruxish.png","2018-11-20 00:00:00","2018-11-30 12:01:29"
"780","1","78","60","85","135","91","36","1149","80","11438","drampa.png","2018-11-20 00:00:00","2018-11-30 12:01:29"
"781","1","70","131","100","86","90","40","1720","97","16801","dhelmise.png","2018-11-20 00:00:00","2018-11-30 12:01:29"
"782","1","45","55","65","45","45","45","1761","56","18805","jangmo-o.png","2018-11-20 00:00:00","2018-11-30 12:01:29"
"783","1","55","75","90","65","70","65","1393","65","19581","hakamo-o.png","2018-11-20 00:00:00","2018-11-30 12:01:29"
"784","1","75","110","125","100","105","85","1049","97","16855","kommo-o.png","2018-11-20 00:00:00","2018-11-30 12:01:29"
"785","1","70","115","85","95","75","130","1430","75","17376","tapu-koko.png","2018-11-20 00:00:00","2018-11-30 12:01:29"
"786","1","70","85","75","130","115","95","1223","60","15179","tapu-lele.png","2018-11-20 00:00:00","2018-11-30 12:01:29"
"787","1","70","130","115","85","95","75","1662","76","12715","tapu-bulu.png","2018-11-20 00:00:00","2018-11-30 12:01:29"
"788","1","70","75","115","95","130","85","1520","94","13704","tapu-fini.png","2018-11-20 00:00:00","2018-11-30 12:01:29"
"789","1","43","29","31","29","31","37","1501","83","12862","cosmog.png","2018-11-20 00:00:00","2018-11-30 12:01:29"
"790","1","43","29","131","29","131","37","1527","56","13551","cosmoem.png","2018-11-20 00:00:00","2018-11-30 12:01:29"
"791","1","137","137","107","113","89","97","1913","73","14823","solgaleo.png","2018-11-20 00:00:00","2018-11-30 12:01:29"
"792","1","137","113","89","137","107","97","1947","82","11954","lunala.png","2018-11-20 00:00:00","2018-11-30 12:01:29"
"793","1","109","53","47","127","131","103","1772","55","18310","nihilego.png","2018-11-20 00:00:00","2018-11-30 12:01:29"
"794","1","107","139","139","53","53","79","1118","51","10102","buzzwole.png","2018-11-20 00:00:00","2018-11-30 12:01:29"
"795","1","71","137","37","137","37","151","1761","50","11236","pheromosa.png","2018-11-20 00:00:00","2018-11-30 12:01:29"
"796","1","83","89","71","173","71","83","1605","77","19293","xurkitree.png","2018-11-20 00:00:00","2018-11-30 12:01:29"
"797","1","97","101","103","107","101","61","1619","53","11408","celesteela.png","2018-11-20 00:00:00","2018-11-30 12:01:29"
"798","1","59","181","131","59","31","109","1051","98","10807","kartana.png","2018-11-20 00:00:00","2018-11-30 12:01:29"
"799","1","223","101","53","97","53","43","1028","75","11872","guzzlord.png","2018-11-20 00:00:00","2018-11-30 12:01:29"
"800","1","97","107","101","127","89","79","1991","56","15001","necrozma.png","2018-11-20 00:00:00","2018-11-30 12:01:29"
"801","1","80","95","115","130","115","65","1029","93","17245","magearna.png","2018-11-20 00:00:00","2018-11-30 12:01:29"
"802","1","90","125","80","90","90","125","1771","89","17269","marshadow.png","2018-11-20 00:00:00","2018-11-30 12:01:29"
"803","1","67","73","67","73","67","73","1989","63","12657","poipole.png","2018-11-20 00:00:00","2018-11-30 12:01:29"
"804","1","73","73","73","127","73","121","1530","94","10447","naganadel.png","2018-11-20 00:00:00","2018-11-30 12:01:29"
"805","1","61","131","211","53","101","13","1534","79","13008","stakataka.png","2018-11-20 00:00:00","2018-11-30 12:01:29"
"806","1","53","127","53","151","79","107","1489","85","17769","blacephalon.png","2018-11-20 00:00:00","2018-11-30 12:01:29"
"807","1","88","112","75","102","80","143","1950","51","17115","zeraora.png","2018-11-20 00:00:00","2018-11-30 12:01:29"
